{
  "response": {
    "header": {
      "resultCode": "0000",
      "resultMsg": "OK"
    },
    "body": {
      "items": {
        "item": [
          {
            "addr1": "경기도 파주시 탄현면 헤이리마을길 82-37",
            "addr2": "",
            "areacode": "31",
            "booktour": "0",
            "cat1": "A02",
            "cat2": "A0206",
            "cat3": "A02060500",
            "contentid": "130959",
            "contenttypeid": "14",
            "createdtime": "20070808090000",
            "firstimage": "http://tong.visitkorea.or.kr/cms/resource/58/1675558_image2_1.jpg",
            "firstimage2": "http://tong.visitkorea.or.kr/cms/resource/58/1675558_image2_1.jpg",
            "cpyrhtDivCd": "Type3",
            "mapx": "126.7012095023",
            "mapy": "37.7890150530",
            "mlevel": "6",
            "modifiedtime": "20231030211308",
            "sigungucode": "27",
            "tel": "",
            "title": "한향림 현대도자미술관",
            "zipcode": "10859"
          },
          {
            "addr1": "경기도 파주시 회동길 145",
            "addr2": "(문발동)",
            "areacode": "31",
            "booktour": "0",
            "cat1": "A02",
            "cat2": "A0206",
            "cat3": "A02060100",
            "contentid": "2498600",
            "contenttypeid": "14",
            "createdtime": "20170703224437",
            "firstimage": "http://tong.visitkorea.or.kr/cms/resource/60/2498560_image2_1.jpg",
            "firstimage2": "http://tong.visitkorea.or.kr/cms/resource/60/2498560_image2_1.jpg",
            "cpyrhtDivCd": "Type3",
            "mapx": "126.6866936546",
            "mapy": "37.7086519413",
            "mlevel": "6",
            "modifiedtime": "20231026100041",
            "sigungucode": "27",
            "tel": "",
            "title": "출판도시 활판인쇄박물관",
            "zipcode": "10881"
          },
          {
            "addr1": "경기도 파주시 탄현면 헤이리마을길 93-75",
            "addr2": "",
            "areacode": "31",
            "booktour": "0",
            "cat1": "A02",
            "cat2": "A0202",
            "cat3": "A02020600",
            "contentid": "2601179",
            "contenttypeid": "14",
            "createdtime": "20190508223506",
            "firstimage": "http://tong.visitkorea.or.kr/cms/resource/70/2601170_image2_1.bmp",
            "firstimage2": "http://tong.visitkorea.or.kr/cms/resource/70/2601170_image2_1.bmp",
            "cpyrhtDivCd": "Type3",
            "mapx": "126.6962404443",
            "mapy": "37.7914507913",
            "mlevel": "6",
            "modifiedtime": "20231019160132",
            "sigungucode": "27",
            "tel": "",
            "title": "아지동테마파크(헤이리마을)",
            "zipcode": "10859"
          },
          {
            "addr1": "경기도 파주시 문발로 253",
            "addr2": "(문발동)",
            "areacode": "31",
            "booktour": "0",
            "cat1": "A02",
            "cat2": "A0206",
            "cat3": "A02060500",
            "contentid": "2354323",
            "contenttypeid": "14",
            "createdtime": "20151225003016",
            "firstimage": "http://tong.visitkorea.or.kr/cms/resource/99/1858599_image2_1.jpg",
            "firstimage2": "http://tong.visitkorea.or.kr/cms/resource/99/1858599_image3_1.jpg",
            "cpyrhtDivCd": "Type3",
            "mapx": "126.6890709905",
            "mapy": "37.7166316086",
            "mlevel": "6",
            "modifiedtime": "20231016134523",
            "sigungucode": "27",
            "tel": "",
            "title": "미메시스 아트 뮤지엄",
            "zipcode": "10881"
          },
          {
            "addr1": "경기도 파주시 회동길 145",
            "addr2": "(문발동)",
            "areacode": "31",
            "booktour": "0",
            "cat1": "A02",
            "cat2": "A0206",
            "cat3": "A02060900",
            "contentid": "2609320",
            "contenttypeid": "14",
            "createdtime": "20190704012559",
            "firstimage": "http://tong.visitkorea.or.kr/cms/resource/00/2368600_image2_1.jpg",
            "firstimage2": "http://tong.visitkorea.or.kr/cms/resource/00/2368600_image3_1.jpg",
            "cpyrhtDivCd": "Type3",
            "mapx": "126.6867408704",
            "mapy": "37.7087269330",
            "mlevel": "6",
            "modifiedtime": "20230905185647",
            "sigungucode": "27",
            "tel": "",
            "title": "지혜의 숲",
            "zipcode": "10881"
          },
          {
            "addr1": "경기도 파주시 탄현면 헤이리마을길 96-43",
            "addr2": "",
            "areacode": "31",
            "booktour": "0",
            "cat1": "A02",
            "cat2": "A0206",
            "cat3": "A02060100",
            "contentid": "1160010",
            "contenttypeid": "14",
            "createdtime": "20110103195522",
            "firstimage": "http://tong.visitkorea.or.kr/cms/resource/63/2567663_image2_1.jpg",
            "firstimage2": "http://tong.visitkorea.or.kr/cms/resource/63/2567663_image3_1.jpg",
            "cpyrhtDivCd": "Type3",
            "mapx": "126.7009233917",
            "mapy": "37.7899260529",
            "mlevel": "6",
            "modifiedtime": "20230824143451",
            "sigungucode": "27",
            "tel": "",
            "title": "한향림옹기박물관",
            "zipcode": "10859"
          },
          {
            "addr1": "경기도 파주시 회동길 530-20",
            "addr2": "",
            "areacode": "31",
            "booktour": "0",
            "cat1": "A02",
            "cat2": "A0206",
            "cat3": "A02060600",
            "contentid": "2377785",
            "contenttypeid": "14",
            "createdtime": "20160413004257",
            "firstimage": "http://tong.visitkorea.or.kr/cms/resource/82/2377782_image2_1.jpg",
            "firstimage2": "http://tong.visitkorea.or.kr/cms/resource/82/2377782_image2_1.jpg",
            "cpyrhtDivCd": "Type3",
            "mapx": "126.6933704071",
            "mapy": "37.7233670117",
            "mlevel": "6",
            "modifiedtime": "20230610082146",
            "sigungucode": "27",
            "tel": "",
            "title": "명필름아트센터",
            "zipcode": "10881"
          },
          {
            "addr1": "경기도 파주시 회동길 37-9",
            "addr2": "",
            "areacode": "31",
            "booktour": "0",
            "cat1": "A02",
            "cat2": "A0206",
            "cat3": "A02060500",
            "contentid": "749479",
            "contenttypeid": "14",
            "createdtime": "20090608221657",
            "firstimage": "http://tong.visitkorea.or.kr/cms/resource/10/737810_image2_1.jpg",
            "firstimage2": "http://tong.visitkorea.or.kr/cms/resource/10/737810_image3_1.jpg",
            "cpyrhtDivCd": "Type3",
            "mapx": "126.6843189512",
            "mapy": "37.7058411153",
            "mlevel": "6",
            "modifiedtime": "20230601151611",
            "sigungucode": "27",
            "tel": "",
            "title": "갤러리박영",
            "zipcode": "10881"
          },
          {
            "addr1": "경기도 파주시 탄현면 헤이리마을길 59-58",
            "addr2": "헤이리예술마을 G-31",
            "areacode": "31",
            "booktour": "0",
            "cat1": "A02",
            "cat2": "A0206",
            "cat3": "A02060500",
            "contentid": "2539350",
            "contenttypeid": "14",
            "createdtime": "20180309003110",
            "firstimage": "http://tong.visitkorea.or.kr/cms/resource/56/2567356_image2_1.jpg",
            "firstimage2": "http://tong.visitkorea.or.kr/cms/resource/56/2567356_image3_1.jpg",
            "cpyrhtDivCd": "Type3",
            "mapx": "126.6962904869",
            "mapy": "37.7897843202",
            "mlevel": "6",
            "modifiedtime": "20230601144002",
            "sigungucode": "27",
            "tel": "",
            "title": "93뮤지엄",
            "zipcode": "10859"
          },
          {
            "addr1": "경기도 파주시 광인사길 25",
            "addr2": "(문발동)",
            "areacode": "31",
            "booktour": "0",
            "cat1": "A02",
            "cat2": "A0206",
            "cat3": "A02060100",
            "contentid": "2357562",
            "contenttypeid": "14",
            "createdtime": "20161230023747",
            "firstimage": "http://tong.visitkorea.or.kr/cms/resource/58/2357558_image2_1.jpg",
            "firstimage2": "http://tong.visitkorea.or.kr/cms/resource/58/2357558_image2_1.jpg",
            "cpyrhtDivCd": "Type3",
            "mapx": "126.6846382800",
            "mapy": "37.7089074306",
            "mlevel": "6",
            "modifiedtime": "20230523103431",
            "sigungucode": "27",
            "tel": "",
            "title": "열화당책박물관",
            "zipcode": "10881"
          },
          {
            "addr1": "경기도 파주시 쇠재로 33",
            "addr2": "(금촌동)",
            "areacode": "31",
            "booktour": "0",
            "cat1": "A02",
            "cat2": "A0206",
            "cat3": "A02060900",
            "contentid": "130824",
            "contenttypeid": "14",
            "createdtime": "20060504090000",
            "firstimage": "http://tong.visitkorea.or.kr/cms/resource/56/1785956_image2_1.jpg",
            "firstimage2": "http://tong.visitkorea.or.kr/cms/resource/56/1785956_image3_1.jpg",
            "cpyrhtDivCd": "Type3",
            "mapx": "126.7707514636",
            "mapy": "37.7499847328",
            "mlevel": "6",
            "modifiedtime": "20230405104133",
            "sigungucode": "27",
            "tel": "",
            "title": "파주시립중앙도서관",
            "zipcode": "10917"
          },
          {
            "addr1": "경기도 파주시 탄현면 헤이리마을길 59-58",
            "addr2": "",
            "areacode": "31",
            "booktour": "0",
            "cat1": "A02",
            "cat2": "A0206",
            "cat3": "A02060500",
            "contentid": "130570",
            "contenttypeid": "14",
            "createdtime": "20050524090000",
            "firstimage": "http://tong.visitkorea.or.kr/cms/resource/22/2480722_image2_1.jpg",
            "firstimage2": "http://tong.visitkorea.or.kr/cms/resource/22/2480722_image2_1.jpg",
            "cpyrhtDivCd": "Type3",
            "mapx": "126.6962904869",
            "mapy": "37.7897843202",
            "mlevel": "6",
            "modifiedtime": "20230222111643",
            "sigungucode": "27",
            "tel": "",
            "title": "구삼뮤지엄",
            "zipcode": "10859"
          },
          {
            "addr1": "경기도 파주시 회동길 145",
            "addr2": "(문발동)",
            "areacode": "31",
            "booktour": "0",
            "cat1": "A02",
            "cat2": "A0206",
            "cat3": "A02060300",
            "contentid": "750105",
            "contenttypeid": "14",
            "createdtime": "20090609193859",
            "firstimage": "http://tong.visitkorea.or.kr/cms/resource/64/738064_image2_1.jpg",
            "firstimage2": "http://tong.visitkorea.or.kr/cms/resource/64/738064_image3_1.jpg",
            "cpyrhtDivCd": "Type3",
            "mapx": "126.6869825388",
            "mapy": "37.7078881466",
            "mlevel": "6",
            "modifiedtime": "20221229110714",
            "sigungucode": "27",
            "tel": "",
            "title": "헌책방 보물섬",
            "zipcode": "10881"
          },
          {
            "addr1": "경기도 파주시 문발로 203",
            "addr2": "(문발동)",
            "areacode": "31",
            "booktour": "0",
            "cat1": "A02",
            "cat2": "A0206",
            "cat3": "A02060300",
            "contentid": "750126",
            "contenttypeid": "14",
            "createdtime": "20090609195855",
            "firstimage": "http://tong.visitkorea.or.kr/cms/resource/67/2364867_image2_1.jpg",
            "firstimage2": "http://tong.visitkorea.or.kr/cms/resource/67/2364867_image3_1.jpg",
            "cpyrhtDivCd": "Type3",
            "mapx": "126.6865602221",
            "mapy": "37.7126098105",
            "mlevel": "6",
            "modifiedtime": "20221104150040",
            "sigungucode": "27",
            "tel": "",
            "title": "활판공방",
            "zipcode": "10881"
          },
          {
            "addr1": "경기도 파주시 와석순환로 415",
            "addr2": "(와동동)",
            "areacode": "31",
            "booktour": "0",
            "cat1": "A02",
            "cat2": "A0206",
            "cat3": "A02060700",
            "contentid": "129872",
            "contenttypeid": "14",
            "createdtime": "20071106103349",
            "firstimage": "http://tong.visitkorea.or.kr/cms/resource/47/1785847_image2_1.jpg",
            "firstimage2": "http://tong.visitkorea.or.kr/cms/resource/47/1785847_image3_1.jpg",
            "cpyrhtDivCd": "Type3",
            "mapx": "126.7516095060",
            "mapy": "37.7239707562",
            "mlevel": "6",
            "modifiedtime": "20220916160321",
            "sigungucode": "27",
            "tel": "",
            "title": "파주문화원",
            "zipcode": "10894"
          },
          {
            "addr1": "경기도 파주시 광인사길 161",
            "addr2": "(문발동)",
            "areacode": "31",
            "booktour": "0",
            "cat1": "A02",
            "cat2": "A0206",
            "cat3": "A02060100",
            "contentid": "613661",
            "contenttypeid": "14",
            "createdtime": "20080825191634",
            "firstimage": "http://tong.visitkorea.or.kr/cms/resource/83/737883_image2_1.jpg",
            "firstimage2": "http://tong.visitkorea.or.kr/cms/resource/83/737883_image3_1.jpg",
            "cpyrhtDivCd": "Type3",
            "mapx": "126.6868934623",
            "mapy": "37.7148428898",
            "mlevel": "6",
            "modifiedtime": "20220913140554",
            "sigungucode": "27",
            "tel": "",
            "title": "파주 나비나라박물관",
            "zipcode": "10881"
          },
          {
            "addr1": "경기도 파주시 문발로 197",
            "addr2": "",
            "areacode": "31",
            "booktour": "0",
            "cat1": "A02",
            "cat2": "A0206",
            "cat3": "A02060300",
            "contentid": "759866",
            "contenttypeid": "14",
            "createdtime": "20090629223119",
            "firstimage": "http://tong.visitkorea.or.kr/cms/resource/61/737861_image2_1.jpg",
            "firstimage2": "http://tong.visitkorea.or.kr/cms/resource/61/737861_image3_1.jpg",
            "cpyrhtDivCd": "Type3",
            "mapx": "126.6863380371",
            "mapy": "37.7120182096",
            "mlevel": "6",
            "modifiedtime": "20220805112136",
            "sigungucode": "27",
            "tel": "",
            "title": "행복한 마음(김영사 북아울렛)",
            "zipcode": "10881"
          },
          {
            "addr1": "경기도 파주시 회동길 145",
            "addr2": "(문발동)",
            "areacode": "31",
            "booktour": "0",
            "cat1": "A02",
            "cat2": "A0205",
            "cat3": "A02050600",
            "contentid": "749557",
            "contenttypeid": "14",
            "createdtime": "20090608231112",
            "firstimage": "http://tong.visitkorea.or.kr/cms/resource/18/737918_image2_1.jpg",
            "firstimage2": "http://tong.visitkorea.or.kr/cms/resource/18/737918_image3_1.jpg",
            "cpyrhtDivCd": "Type3",
            "mapx": "126.6866797759",
            "mapy": "37.7083436435",
            "mlevel": "6",
            "modifiedtime": "20220715145201",
            "sigungucode": "27",
            "tel": "031-955-0050",
            "title": "아시아출판문화정보센터",
            "zipcode": "10881"
          },
          {
            "addr1": "경기도 파주시 탄현면 헤이리마을길 18-61",
            "addr2": "",
            "areacode": "31",
            "booktour": "0",
            "cat1": "A03",
            "cat2": "A0302",
            "cat3": "A03020200",
            "contentid": "749895",
            "contenttypeid": "14",
            "createdtime": "20090609032103",
            "firstimage": "http://tong.visitkorea.or.kr/cms/resource/73/737673_image2_1.jpg",
            "firstimage2": "http://tong.visitkorea.or.kr/cms/resource/73/737673_image3_1.jpg",
            "cpyrhtDivCd": "Type3",
            "mapx": "126.6947129213",
            "mapy": "37.7873873494",
            "mlevel": "6",
            "modifiedtime": "20220530130859",
            "sigungucode": "27",
            "tel": "",
            "title": "서울액션스쿨 (마샬아트센터)",
            "zipcode": "10859"
          },
          {
            "addr1": "경기도 파주시 탄현면 헤이리마을길 93-20",
            "addr2": "",
            "areacode": "31",
            "booktour": "0",
            "cat1": "A02",
            "cat2": "A0206",
            "cat3": "A02060300",
            "contentid": "735890",
            "contenttypeid": "14",
            "createdtime": "20090518231747",
            "firstimage": "http://tong.visitkorea.or.kr/cms/resource/37/737637_image2_1.jpg",
            "firstimage2": "http://tong.visitkorea.or.kr/cms/resource/37/737637_image3_1.jpg",
            "cpyrhtDivCd": "Type3",
            "mapx": "126.6984791509",
            "mapy": "37.7906398147",
            "mlevel": "6",
            "modifiedtime": "20220526110042",
            "sigungucode": "27",
            "tel": "",
            "title": "동화나라",
            "zipcode": "10859"
          },
          {
            "addr1": "경기도 파주시 탄현면 헤이리마을길 72",
            "addr2": "",
            "areacode": "31",
            "booktour": "0",
            "cat1": "A02",
            "cat2": "A0206",
            "cat3": "A02060500",
            "contentid": "2709707",
            "contenttypeid": "14",
            "createdtime": "20210312025608",
            "firstimage": "",
            "firstimage2": "",
            "cpyrhtDivCd": "",
            "mapx": "126.6994263339",
            "mapy": "37.7889594722",
            "mlevel": "6",
            "modifiedtime": "20230221140446",
            "sigungucode": "27",
            "tel": "",
            "title": "아트센터 화이트블럭",
            "zipcode": "10859"
          },
          {
            "addr1": "경기도 파주시 탄현면 헤이리로 30",
            "addr2": "",
            "areacode": "31",
            "booktour": "0",
            "cat1": "A02",
            "cat2": "A0206",
            "cat3": "A02060100",
            "contentid": "2738515",
            "contenttypeid": "14",
            "createdtime": "20210901015539",
            "firstimage": "",
            "firstimage2": "",
            "cpyrhtDivCd": "",
            "mapx": "126.6939296786",
            "mapy": "37.7867235239",
            "mlevel": "6",
            "modifiedtime": "20221215101233",
            "sigungucode": "27",
            "tel": "",
            "title": "국립민속박물관 파주",
            "zipcode": "10859"
          },
          {
            "addr1": "경기도 파주시 가람로116번길 170",
            "addr2": "",
            "areacode": "31",
            "booktour": "0",
            "cat1": "A02",
            "cat2": "A0206",
            "cat3": "A02060600",
            "contentid": "2657493",
            "contenttypeid": "14",
            "createdtime": "20200526195030",
            "firstimage": "",
            "firstimage2": "",
            "cpyrhtDivCd": "",
            "mapx": "126.7633999075",
            "mapy": "37.7305868621",
            "mlevel": "6",
            "modifiedtime": "20220919132647",
            "sigungucode": "27",
            "tel": "",
            "title": "솔가람 아트홀",
            "zipcode": "10895"
          },
          {
            "addr1": "경기도 파주시 통일로 600",
            "addr2": "(아동동)",
            "areacode": "31",
            "booktour": "0",
            "cat1": "A02",
            "cat2": "A0206",
            "cat3": "A02060300",
            "contentid": "130717",
            "contenttypeid": "14",
            "createdtime": "20060103090000",
            "firstimage": "",
            "firstimage2": "",
            "cpyrhtDivCd": "",
            "mapx": "126.7955043556",
            "mapy": "37.7640640892",
            "mlevel": "6",
            "modifiedtime": "20220610164118",
            "sigungucode": "27",
            "tel": "",
            "title": "농경유물전시관",
            "zipcode": "10944"
          }
        ]
      },
      "numOfRows": 24,
      "pageNo": 1,
      "totalCount": 24
    }
  }
}