{
  "130987": {
    "addr1": "경기도 파주시 광탄면 혜음로 324",
    "addr2": "",
    "areacode": "31",
    "booktour": "",
    "cat1": "A03",
    "cat2": "A0302",
    "cat3": "A03020700",
    "contentid": "130987",
    "contenttypeid": "28",
    "createdtime": "20030522090000",
    "firstimage": "http://tong.visitkorea.or.kr/cms/resource/16/1956116_image2_1.jpg",
    "firstimage2": "http://tong.visitkorea.or.kr/cms/resource/16/1956116_image3_1.jpg",
    "cpyrhtDivCd": "Type3",
    "mapx": "126.8964821613",
    "mapy": "37.7313808171",
    "mlevel": "6",
    "modifiedtime": "20230706110059",
    "sigungucode": "27",
    "tel": "",
    "title": "서서울컨트리클럽",
    "zipcode": "10955",
    "family": [],
    "handi": [
      {
        "접근로": "출입구까지 턱이 없어 휠체어 접근 가능함"
      },
      {
        "출입통로": "주출입구는 턱이 없어 휠체어 접근 가능함(자동문)"
      },
      {
        "엘리베이터": "엘리베이터 있음"
      }
    ],
    "hearing": [],
    "blind": [],
    "infantsfamily": "0",
    "hearinghandicap": "0",
    "blindhandicap": "0",
    "handicap": "1"
  },
  "752301": {
    "addr1": "경기도 파주시 시민회관길 40",
    "addr2": "(금촌동)",
    "areacode": "31",
    "booktour": "",
    "cat1": "A03",
    "cat2": "A0302",
    "cat3": "A03020200",
    "contentid": "752301",
    "contenttypeid": "28",
    "createdtime": "20090612024745",
    "firstimage": "http://tong.visitkorea.or.kr/cms/resource/38/1862638_image2_1.jpg",
    "firstimage2": "http://tong.visitkorea.or.kr/cms/resource/38/1862638_image3_1.jpg",
    "cpyrhtDivCd": "Type3",
    "mapx": "126.7801281391",
    "mapy": "37.7586144499",
    "mlevel": "6",
    "modifiedtime": "20230918155327",
    "sigungucode": "27",
    "tel": "",
    "title": "금촌청소년문화의집",
    "zipcode": "10932",
    "family": [],
    "handi": [
      {
        "접근로": "출입구까지 경사로가 설치되어 있음"
      },
      {
        "출입통로": "주출입구는 경사로가 있어 휠체어 접근 가능함"
      },
      {
        "화장실": "장애인 화장실 있음"
      }
    ],
    "hearing": [],
    "blind": [
      {
        "점자블록": "점자블록 있음_시각장애인 편의시설"
      }
    ],
    "infantsfamily": "0",
    "hearinghandicap": "0",
    "blindhandicap": "1",
    "handicap": "1"
  }
}