{
  "1344277": {
    "addr1": "전라남도 순천시 순천만길 513-25",
    "addr2": "",
    "areacode": "38",
    "booktour": "",
    "cat1": "A04",
    "cat2": "A0401",
    "cat3": "A04010900",
    "contentid": "1344277",
    "contenttypeid": "38",
    "createdtime": "20110729014709",
    "firstimage": "http://tong.visitkorea.or.kr/cms/resource/76/1971676_image2_1.jpg",
    "firstimage2": "http://tong.visitkorea.or.kr/cms/resource/76/1971676_image3_1.jpg",
    "cpyrhtDivCd": "Type3",
    "mapx": "127.5090399037",
    "mapy": "34.8860532226",
    "mlevel": "6",
    "modifiedtime": "20230428141210",
    "sigungucode": "11",
    "tel": "061-749-3542",
    "title": "순천만 공예특산품관",
    "zipcode": "58027",
    "family": [],
    "handi": [
      {
        "접근로": "출입구까지 단차가 없어 휠체어 접근 가능함"
      },
      {
        "출입통로": "주출입구는 단차가 없어 휠체어 접근 가능함"
      },
      {
        "화장실": "장애인 전용 화장실 있음"
      }
    ],
    "hearing": [],
    "blind": [],
    "infantsfamily": "0",
    "hearinghandicap": "0",
    "blindhandicap": "0",
    "handicap": "1"
  },
  "2044930": {
    "addr1": "전라남도 순천시 장평로 60",
    "addr2": "",
    "areacode": "38",
    "booktour": "",
    "cat1": "A04",
    "cat2": "A0401",
    "cat3": "A04010100",
    "contentid": "2044930",
    "contenttypeid": "38",
    "createdtime": "20151202230201",
    "firstimage": "http://tong.visitkorea.or.kr/cms/resource/51/2042051_image2_1.jpg",
    "firstimage2": "http://tong.visitkorea.or.kr/cms/resource/51/2042051_image3_1.jpg",
    "cpyrhtDivCd": "Type3",
    "mapx": "127.4961173153",
    "mapy": "34.9451380298",
    "mlevel": "6",
    "modifiedtime": "20230706112041",
    "sigungucode": "11",
    "tel": "",
    "title": "순천 아랫장 (2, 7일)",
    "zipcode": "57961",
    "family": [],
    "handi": [
      {
        "접근로": "출입구까지 턱이 없어 휠체어 접근 가능함"
      },
      {
        "출입통로": "주출입구는 턱이 없어 휠체어 접근 가능함"
      },
      {
        "화장실": "장애인 화장실 있음(수산물장터 공중화장실)"
      }
    ],
    "hearing": [],
    "blind": [
      {
        "점자블록": "점자블록 있음(화장실 앞)_시각장애인 편의시설"
      }
    ],
    "infantsfamily": "0",
    "hearinghandicap": "0",
    "blindhandicap": "1",
    "handicap": "1"
  },
  "2765262": {
    "addr1": "전라남도 순천시 중앙시장길 18",
    "addr2": "(남내동)",
    "areacode": "38",
    "booktour": "",
    "cat1": "A04",
    "cat2": "A0401",
    "cat3": "A04010200",
    "contentid": "2765262",
    "contenttypeid": "38",
    "createdtime": "20211101192931",
    "firstimage": "",
    "firstimage2": "",
    "cpyrhtDivCd": "",
    "mapx": "127.4846070073",
    "mapy": "34.9532924704",
    "mlevel": "6",
    "modifiedtime": "20230321092054",
    "sigungucode": "11",
    "tel": "",
    "title": "순천중앙시장",
    "zipcode": "57942",
    "family": [],
    "handi": [
      {
        "접근로": "출입구까지 턱이 없어 휠체어 접근 가능함"
      },
      {
        "출입통로": "주출입구는 턱이 없어 휠체어 접근 가능함_무장애 편의시설"
      }
    ],
    "hearing": [],
    "blind": [
      {
        "보조견 동반": "동반가능_시각장애인 편의시설"
      }
    ],
    "infantsfamily": "0",
    "hearinghandicap": "0",
    "blindhandicap": "1",
    "handicap": "1"
  }
}