{
  "126293": {
    "addr1": "전라북도 군산시 옥도면 신시도길 83-7",
    "addr2": "(옥도면)",
    "areacode": "37",
    "booktour": "0",
    "cat1": "A01",
    "cat2": "A0101",
    "cat3": "A01011300",
    "contentid": "126293",
    "contenttypeid": "12",
    "createdtime": "20030723090000",
    "firstimage": "http://tong.visitkorea.or.kr/cms/resource/24/2514224_image2_1.jpg",
    "firstimage2": "http://tong.visitkorea.or.kr/cms/resource/24/2514224_image2_1.jpg",
    "cpyrhtDivCd": "Type3",
    "mapx": "126.4676111936",
    "mapy": "35.8209518987",
    "mlevel": "6",
    "modifiedtime": "20230712102200",
    "sigungucode": "2",
    "tel": "",
    "title": "신시도 어촌체험마을",
    "zipcode": "54000",
    "family": [],
    "handi": [
      {
        "출입통로": "주출입구 무단차\n이동통로 보폭 넓음"
      },
      {
        "화장실": "장애인 화장실 있음"
      }
    ],
    "hearing": [],
    "blind": [
      {
        "점자블록": "점자블록 있음(화장실 앞)"
      },
      {
        "유도안내설비": "유도·안내 설비(화장실 앞)"
      }
    ],
    "infantsfamily": "0",
    "hearinghandicap": "0",
    "blindhandicap": "1",
    "handicap": "1"
  },
  "126322": {
    "addr1": "전라북도 군산시 은파순환길 9",
    "addr2": "(나운동)",
    "areacode": "37",
    "booktour": "0",
    "cat1": "A02",
    "cat2": "A0202",
    "cat3": "A02020700",
    "contentid": "126322",
    "contenttypeid": "12",
    "createdtime": "20031029090000",
    "firstimage": "http://tong.visitkorea.or.kr/cms/resource/05/2017305_image2_1.jpg",
    "firstimage2": "http://tong.visitkorea.or.kr/cms/resource/05/2017305_image3_1.jpg",
    "cpyrhtDivCd": "Type3",
    "mapx": "126.6890685029",
    "mapy": "35.9554014262",
    "mlevel": "6",
    "modifiedtime": "20230704152314",
    "sigungucode": "2",
    "tel": "",
    "title": "은파호수공원(은파국민관광지)",
    "zipcode": "54146",
    "family": [],
    "handi": [
      {
        "휠체어": "휠체어 무료대여 가능함(1대)"
      },
      {
        "출입통로": "주출입구 무단차\n이동통로 보폭 넓음"
      },
      {
        "화장실": "장애인용 화장실 있음"
      }
    ],
    "hearing": [],
    "blind": [
      {
        "점자블록": "점자블록 있음(화장실 앞에만 설치됨)"
      },
      {
        "유도안내설비": "유도·안내 설비 있음(화장실 앞에 설치됨)"
      }
    ],
    "infantsfamily": "0",
    "hearinghandicap": "0",
    "blindhandicap": "1",
    "handicap": "1"
  },
  "129382": {
    "addr1": "전라북도 군산시 미룡동",
    "addr2": "",
    "areacode": "37",
    "booktour": "0",
    "cat1": "A02",
    "cat2": "A0205",
    "cat3": "A02050100",
    "contentid": "129382",
    "contenttypeid": "12",
    "createdtime": "20061114090000",
    "firstimage": "",
    "firstimage2": "",
    "cpyrhtDivCd": "",
    "mapx": "126.6937182056",
    "mapy": "35.9507909205",
    "mlevel": "5",
    "modifiedtime": "20231025121600",
    "sigungucode": "2",
    "tel": "",
    "title": "은파 물빛다리",
    "zipcode": "54146",
    "family": [],
    "handi": [
      {
        "접근로": "물빛다리 입구부터 다리 전체 데크로드로 되어 있음"
      },
      {
        "휠체어": "대여가능(1대)"
      },
      {
        "화장실": "장애인 전용 화장실 있음"
      }
    ],
    "hearing": [],
    "blind": [],
    "infantsfamily": "0",
    "hearinghandicap": "0",
    "blindhandicap": "0",
    "handicap": "1"
  },
  "226923": {
    "addr1": "전라북도 군산시 옥도면 선유남길 34-22",
    "addr2": "",
    "areacode": "37",
    "booktour": "0",
    "cat1": "A01",
    "cat2": "A0101",
    "cat3": "A01011300",
    "contentid": "226923",
    "contenttypeid": "12",
    "createdtime": "20030905090000",
    "firstimage": "",
    "firstimage2": "",
    "cpyrhtDivCd": "",
    "mapx": "126.4124052922",
    "mapy": "35.8102049733",
    "mlevel": "6",
    "modifiedtime": "20231025111024",
    "sigungucode": "2",
    "tel": "",
    "title": "선유도",
    "zipcode": "54000",
    "family": [],
    "handi": [
      {
        "접근로": "자전거도로 및 데크로드로 연결됨_무장애 편의시설"
      },
      {
        "화장실": "장애인 전용 화장실 있음"
      }
    ],
    "hearing": [],
    "blind": [
      {
        "점자블록": "점자블록 있음 (기동등대 화장실 입구)_시각장애인 편의시설"
      }
    ],
    "infantsfamily": "0",
    "hearinghandicap": "0",
    "blindhandicap": "1",
    "handicap": "1"
  },
  "913869": {
    "addr1": "전라북도 군산시 구영1길 17",
    "addr2": "",
    "areacode": "37",
    "booktour": "0",
    "cat1": "A02",
    "cat2": "A0201",
    "cat3": "A02010700",
    "contentid": "913869",
    "contenttypeid": "12",
    "createdtime": "20100106001005",
    "firstimage": "http://tong.visitkorea.or.kr/cms/resource/56/2649956_image2_1.jpg",
    "firstimage2": "http://tong.visitkorea.or.kr/cms/resource/56/2649956_image3_1.jpg",
    "cpyrhtDivCd": "Type3",
    "mapx": "126.7061578421",
    "mapy": "35.9863009684",
    "mlevel": "6",
    "modifiedtime": "20231005133239",
    "sigungucode": "2",
    "tel": "",
    "title": "군산 신흥동 일본식가옥(히로쓰 가옥)",
    "zipcode": "54020",
    "family": [],
    "handi": [],
    "hearing": [],
    "blind": [],
    "infantsfamily": "0",
    "hearinghandicap": "0",
    "blindhandicap": "0",
    "handicap": "0"
  },
  "923065": {
    "addr1": "전라북도 군산시 성산면 강변로 477",
    "addr2": "",
    "areacode": "37",
    "booktour": "0",
    "cat1": "A02",
    "cat2": "A0205",
    "cat3": "A02050200",
    "contentid": "923065",
    "contenttypeid": "12",
    "createdtime": "20100115000422",
    "firstimage": "http://tong.visitkorea.or.kr/cms/resource/26/1976126_image2_1.jpg",
    "firstimage2": "http://tong.visitkorea.or.kr/cms/resource/26/1976126_image3_1.jpg",
    "cpyrhtDivCd": "Type3",
    "mapx": "126.7561332790",
    "mapy": "36.0113100792",
    "mlevel": "6",
    "modifiedtime": "20231025144242",
    "sigungucode": "2",
    "tel": "",
    "title": "진포대첩 기념탑",
    "zipcode": "54045",
    "family": [],
    "handi": [
      {
        "접근로": "무단차 공원"
      },
      {
        "화장실": "장애인 전용 화장실 있음_무장애 편의시설"
      }
    ],
    "hearing": [],
    "blind": [],
    "infantsfamily": "0",
    "hearinghandicap": "0",
    "blindhandicap": "0",
    "handicap": "1"
  },
  "923263": {
    "addr1": "전라북도 군산시 내항2길 32",
    "addr2": "",
    "areacode": "37",
    "booktour": "0",
    "cat1": "A02",
    "cat2": "A0202",
    "cat3": "A02020600",
    "contentid": "923263",
    "contenttypeid": "12",
    "createdtime": "20100115010114",
    "firstimage": "http://tong.visitkorea.or.kr/cms/resource/53/2649953_image2_1.jpg",
    "firstimage2": "http://tong.visitkorea.or.kr/cms/resource/53/2649953_image3_1.jpg",
    "cpyrhtDivCd": "Type3",
    "mapx": "126.7174650854",
    "mapy": "35.9893452587",
    "mlevel": "6",
    "modifiedtime": "20230203110725",
    "sigungucode": "2",
    "tel": "",
    "title": "진포해양테마공원",
    "zipcode": "54026",
    "family": [],
    "handi": [
      {
        "접근로": "출입구까지 턱이 없어 휠체어 접근 가능함"
      },
      {
        "출입통로": "주출입구는 턱이 없어 휠체어 접근 가능함"
      },
      {
        "화장실": "장애인 화장실 있음"
      }
    ],
    "hearing": [],
    "blind": [],
    "infantsfamily": "0",
    "hearinghandicap": "0",
    "blindhandicap": "0",
    "handicap": "1"
  },
  "1182422": {
    "addr1": "전라북도 군산시 내흥동",
    "addr2": "",
    "areacode": "37",
    "booktour": "0",
    "cat1": "A02",
    "cat2": "A0202",
    "cat3": "A02020700",
    "contentid": "1182422",
    "contenttypeid": "12",
    "createdtime": "20110125004916",
    "firstimage": "http://tong.visitkorea.or.kr/cms/resource/68/1129368_image2_1.jpg",
    "firstimage2": "http://tong.visitkorea.or.kr/cms/resource/68/1129368_image3_1.jpg",
    "cpyrhtDivCd": "Type3",
    "mapx": "126.7537809454",
    "mapy": "36.0023110671",
    "mlevel": "6",
    "modifiedtime": "20220718111438",
    "sigungucode": "2",
    "tel": "",
    "title": "진포시비공원",
    "zipcode": "54042",
    "family": [],
    "handi": [
      {
        "접근로": "출입구까지 단차가 없어 휠체어 접근 가능함"
      },
      {
        "화장실": "장애인 전용 화장실 있음(금강시민공원,채만식문학관,공원 왼쪽 공중화장실)"
      },
      {
        "기타 지원 항목": "자전거도로가 설치되어 있음"
      }
    ],
    "hearing": [],
    "blind": [],
    "infantsfamily": "0",
    "hearinghandicap": "0",
    "blindhandicap": "0",
    "handicap": "1"
  },
  "1597942": {
    "addr1": "전라북도 군산시 월명공원1길 26",
    "addr2": "",
    "areacode": "37",
    "booktour": "0",
    "cat1": "A02",
    "cat2": "A0202",
    "cat3": "A02020700",
    "contentid": "1597942",
    "contenttypeid": "12",
    "createdtime": "20120409235743",
    "firstimage": "http://tong.visitkorea.or.kr/cms/resource/85/2367285_image2_1.jpg",
    "firstimage2": "http://tong.visitkorea.or.kr/cms/resource/85/2367285_image3_1.jpg",
    "cpyrhtDivCd": "Type3",
    "mapx": "126.7029275021",
    "mapy": "35.9891450329",
    "mlevel": "6",
    "modifiedtime": "20230210093100",
    "sigungucode": "2",
    "tel": "",
    "title": "월명공원",
    "zipcode": "54019",
    "family": [],
    "handi": [
      {
        "접근로": "출입구까지 평지로 되어 있으나 흙(돌) 구간 있음"
      },
      {
        "출입통로": "주출입구는 턱이 없어 휠체어 접근 가능함"
      },
      {
        "화장실": "장애인 화장실 있음"
      }
    ],
    "hearing": [],
    "blind": [
      {
        "점자블록": "점자블록 있음(화장실 입구앞)_시각장애인 편의시설"
      }
    ],
    "infantsfamily": "0",
    "hearinghandicap": "0",
    "blindhandicap": "1",
    "handicap": "1"
  },
  "1624685": {
    "addr1": "전북 군산시 성산면 성덕리",
    "addr2": "",
    "areacode": "37",
    "booktour": "0",
    "cat1": "A02",
    "cat2": "A0202",
    "cat3": "A02020200",
    "contentid": "1624685",
    "contenttypeid": "12",
    "createdtime": "20120508195822",
    "firstimage": "http://tong.visitkorea.or.kr/cms/resource/35/1603835_image2_1.jpg",
    "firstimage2": "http://tong.visitkorea.or.kr/cms/resource/35/1603835_image3_1.jpg",
    "cpyrhtDivCd": "Type3",
    "mapx": "126.7611076373",
    "mapy": "36.0188815227",
    "mlevel": "",
    "modifiedtime": "20220520090710",
    "sigungucode": "2",
    "tel": "",
    "title": "금강호 관광지",
    "zipcode": "573-843,11",
    "family": [],
    "handi": [
      {
        "접근로": "출입구까지 단차가 없어 휠체어 접근 가능함"
      },
      {
        "출입통로": "주출입구는 단차가 없어 휠체어 접근 가능함"
      },
      {
        "화장실": "장애인 화장실 있음(주차장 화장실,경사로있음)"
      }
    ],
    "hearing": [],
    "blind": [
      {
        "점자블록": "점자블록 있음(주차장 공중화장실 앞)_시각장애인 편의시설"
      }
    ],
    "infantsfamily": "0",
    "hearinghandicap": "0",
    "blindhandicap": "1",
    "handicap": "1"
  },
  "2022531": {
    "addr1": "전라북도 군산시 옥도면",
    "addr2": "",
    "areacode": "37",
    "booktour": "0",
    "cat1": "A01",
    "cat2": "A0101",
    "cat3": "A01011200",
    "contentid": "2022531",
    "contenttypeid": "12",
    "createdtime": "20150805005200",
    "firstimage": "http://tong.visitkorea.or.kr/cms/resource/57/2690257_image2_1.jpg",
    "firstimage2": "http://tong.visitkorea.or.kr/cms/resource/57/2690257_image3_1.jpg",
    "cpyrhtDivCd": "Type3",
    "mapx": "126.4110635938",
    "mapy": "35.8161737144",
    "mlevel": "6",
    "modifiedtime": "20230630144311",
    "sigungucode": "2",
    "tel": "",
    "title": "선유도해수욕장 (명사십리 해수욕장)",
    "zipcode": "54000",
    "family": [],
    "handi": [
      {
        "접근로": "해변을 따라 산책로가 평탄하게 설치되어 있음(단, 모래사장 접근은 어려움)"
      },
      {
        "출입통로": "주출입구는 단차가 없어 휠체어 접근이 가능함(단, 모래사장 접근은 어려움)"
      },
      {
        "화장실": "장애인 화장실 있음(해수욕장 입구)"
      }
    ],
    "hearing": [],
    "blind": [
      {
        "점자블록": "점자블록 있음(화장실, 샤워장 앞)_시각장애인 편의시설"
      }
    ],
    "infantsfamily": "0",
    "hearinghandicap": "0",
    "blindhandicap": "1",
    "handicap": "1"
  },
  "2468978": {
    "addr1": "전라북도 군산시 해망로 230",
    "addr2": "(장미동)",
    "areacode": "37",
    "booktour": "0",
    "cat1": "A02",
    "cat2": "A0204",
    "cat3": "A02040800",
    "contentid": "2468978",
    "contenttypeid": "12",
    "createdtime": "20161222190259",
    "firstimage": "http://tong.visitkorea.or.kr/cms/resource/50/2657650_image2_1.jpg",
    "firstimage2": "http://tong.visitkorea.or.kr/cms/resource/50/2657650_image3_1.jpg",
    "cpyrhtDivCd": "Type3",
    "mapx": "126.7127710457",
    "mapy": "35.9899367776",
    "mlevel": "6",
    "modifiedtime": "20231025142220",
    "sigungucode": "2",
    "tel": "",
    "title": "근대미술관 (구)일본 제 18은행 군산지점",
    "zipcode": "54021",
    "family": [
      {
        "영유아가족 기타 지원 항목": "장애인 화장실 내 기저귀교환대 설치"
      }
    ],
    "handi": [
      {
        "대중교통": "군산시외버스터미널 11번 버스"
      },
      {
        "접근로": "출입구까지 경사로가 설치되어 있음(완만함)_무장애 편의시설"
      },
      {
        "출입통로": "주 출입구는 경사로가 있어 휠체어 접근 가능함(자동문)"
      },
      {
        "화장실": "장애인 화장실 있음(입구에 위치)"
      }
    ],
    "hearing": [],
    "blind": [],
    "infantsfamily": "1",
    "hearinghandicap": "0",
    "blindhandicap": "0",
    "handicap": "1"
  },
  "2605927": {
    "addr1": "전라북도 군산시 구영2길 12-1",
    "addr2": "(신창동)",
    "areacode": "37",
    "booktour": "0",
    "cat1": "A02",
    "cat2": "A0203",
    "cat3": "A02030400",
    "contentid": "2605927",
    "contenttypeid": "12",
    "createdtime": "20190612004200",
    "firstimage": "http://tong.visitkorea.or.kr/cms/resource/12/2368912_image2_1.jpg",
    "firstimage2": "http://tong.visitkorea.or.kr/cms/resource/12/2368912_image3_1.jpg",
    "cpyrhtDivCd": "Type3",
    "mapx": "126.7084409321",
    "mapy": "35.9878230558",
    "mlevel": "6",
    "modifiedtime": "20230921103718",
    "sigungucode": "2",
    "tel": "",
    "title": "초원사진관",
    "zipcode": "54022",
    "family": [],
    "handi": [
      {
        "접근로": "출입구까지 경사로가 설치되어 있음"
      },
      {
        "출입통로": "주출입구는 경사로가 있어 휠체어 접근 가능함"
      }
    ],
    "hearing": [],
    "blind": [],
    "infantsfamily": "0",
    "hearinghandicap": "0",
    "blindhandicap": "0",
    "handicap": "1"
  },
  "2606117": {
    "addr1": "전라북도 군산시 성산면 성덕리",
    "addr2": "",
    "areacode": "37",
    "booktour": "0",
    "cat1": "A01",
    "cat2": "A0101",
    "cat3": "A01010500",
    "contentid": "2606117",
    "contenttypeid": "12",
    "createdtime": "20190612194508",
    "firstimage": "http://tong.visitkorea.or.kr/cms/resource/91/2368891_image2_1.jpg",
    "firstimage2": "http://tong.visitkorea.or.kr/cms/resource/91/2368891_image3_1.jpg",
    "cpyrhtDivCd": "Type3",
    "mapx": "126.7686262966",
    "mapy": "36.0232200448",
    "mlevel": "6",
    "modifiedtime": "20221226182459",
    "sigungucode": "2",
    "tel": "",
    "title": "금강습지생태공원",
    "zipcode": "54045",
    "family": [],
    "handi": [
      {
        "접근로": "출입구까지 턱이 없어 휠체어 접근 가능함_무장애 편의시설"
      },
      {
        "출입통로": "주출입구는 턱이 없어 휠체어 접근 가능함"
      }
    ],
    "hearing": [],
    "blind": [
      {
        "보조견 동반": "동반가능_시각장애인 편의시설"
      }
    ],
    "infantsfamily": "0",
    "hearinghandicap": "0",
    "blindhandicap": "1",
    "handicap": "1"
  },
  "2633952": {
    "addr1": "전라북도 군산시 동국사길 21",
    "addr2": "",
    "areacode": "37",
    "booktour": "0",
    "cat1": "A02",
    "cat2": "A0206",
    "cat3": "A02060300",
    "contentid": "2633952",
    "contenttypeid": "12",
    "createdtime": "20191107225315",
    "firstimage": "http://tong.visitkorea.or.kr/cms/resource/64/2638564_image2_1.jpg",
    "firstimage2": "http://tong.visitkorea.or.kr/cms/resource/64/2638564_image2_1.jpg",
    "cpyrhtDivCd": "Type3",
    "mapx": "126.7078522379",
    "mapy": "35.9823486705",
    "mlevel": "6",
    "modifiedtime": "20230622163705",
    "sigungucode": "2",
    "tel": "063-467-0815",
    "title": "일제강점기 군산역사관",
    "zipcode": "54114",
    "family": [],
    "handi": [
      {
        "접근로": "출입구까지 턱이 없어 휠체어 접근 가능함"
      },
      {
        "출입통로": "주출입구는 턱이 없어 휠체어 접근 가능함(수동문)"
      },
      {
        "엘리베이터": "엘리베이터 있음"
      },
      {
        "화장실": "장애인 화장실 있음(3층)"
      }
    ],
    "hearing": [],
    "blind": [
      {
        "점자블록": "점자블록 있음(주출입구)_시각장애인 편의시설"
      },
      {
        "보조견 동반": "동반가능"
      },
      {
        "점자 홍보물 및 점자 표지판": "점자안내판 있음(입구)"
      }
    ],
    "infantsfamily": "0",
    "hearinghandicap": "0",
    "blindhandicap": "1",
    "handicap": "1"
  },
  "2649961": {
    "addr1": "전라북도 군산시 내항1길 8",
    "addr2": "(장미동)",
    "areacode": "37",
    "booktour": "0",
    "cat1": "A02",
    "cat2": "A0203",
    "cat3": "A02030100",
    "contentid": "2649961",
    "contenttypeid": "12",
    "createdtime": "20200317015024",
    "firstimage": "http://tong.visitkorea.or.kr/cms/resource/32/2642432_image2_1.jpg",
    "firstimage2": "http://tong.visitkorea.or.kr/cms/resource/32/2642432_image3_1.jpg",
    "cpyrhtDivCd": "Type3",
    "mapx": "126.7181317090",
    "mapy": "35.9887036766",
    "mlevel": "6",
    "modifiedtime": "20231103093724",
    "sigungucode": "2",
    "tel": "",
    "title": "군산 시간여행마을",
    "zipcode": "54026",
    "family": [],
    "handi": [
      {
        "접근로": "출입구까지 턱이 없어 휠체어 접근 가능함"
      },
      {
        "출입통로": "주출입구는 턱이 없어 휠체어 접근 가능함"
      },
      {
        "화장실": "장애인 화장실 있음(근대역사박물관, 동국사)"
      }
    ],
    "hearing": [],
    "blind": [
      {
        "점자블록": "점자블록 있음(주요시설 앞)_시각장애인 편의시설"
      },
      {
        "보조견 동반": "동반가능"
      },
      {
        "안내요원": "안내요원 있음(관광안내소)"
      }
    ],
    "infantsfamily": "0",
    "hearinghandicap": "0",
    "blindhandicap": "1",
    "handicap": "1"
  },
  "2704650": {
    "addr1": "전라북도 군산시 영명길 29",
    "addr2": "(구암동)",
    "areacode": "37",
    "booktour": "0",
    "cat1": "A02",
    "cat2": "A0206",
    "cat3": "A02060200",
    "contentid": "2704650",
    "contenttypeid": "12",
    "createdtime": "20210127013338",
    "firstimage": "",
    "firstimage2": "",
    "cpyrhtDivCd": "",
    "mapx": "126.7422712611",
    "mapy": "35.9869820640",
    "mlevel": "6",
    "modifiedtime": "20220920110945",
    "sigungucode": "2",
    "tel": "",
    "title": "군산 3.1운동 100주년 기념관",
    "zipcode": "54043",
    "family": [],
    "handi": [
      {
        "접근로": "출입구까지 턱이 없어 휠체어 접근 가능함"
      },
      {
        "출입통로": "주출입구는 턱이 없어 휠체어 접근 가능함(자동문)"
      },
      {
        "엘리베이터": "엘리베이터 있음"
      },
      {
        "화장실": "장애인 화장실 있음"
      }
    ],
    "hearing": [],
    "blind": [
      {
        "점자블록": "점자블록 있음(주요시설 앞)_시각장애인 편의시설"
      },
      {
        "안내요원": "안내요원 있음"
      }
    ],
    "infantsfamily": "0",
    "hearinghandicap": "0",
    "blindhandicap": "1",
    "handicap": "1"
  },
  "2708163": {
    "addr1": "전라북도 군산시 우체통거리2길 19",
    "addr2": "(신창동)",
    "areacode": "37",
    "booktour": "0",
    "cat1": "A02",
    "cat2": "A0203",
    "cat3": "A02030400",
    "contentid": "2708163",
    "contenttypeid": "12",
    "createdtime": "20210305190352",
    "firstimage": "",
    "firstimage2": "",
    "cpyrhtDivCd": "",
    "mapx": "126.7123878614",
    "mapy": "35.9854900565",
    "mlevel": "6",
    "modifiedtime": "20221004105540",
    "sigungucode": "2",
    "tel": "",
    "title": "우체통거리",
    "zipcode": "54025",
    "family": [],
    "handi": [
      {
        "접근로": "출입구까지 턱이 없어 휠체어 접근 가능함"
      },
      {
        "출입통로": "주출입구는 턱이 없어 휠체어 접근 가능함_무장애 편의시설"
      }
    ],
    "hearing": [],
    "blind": [
      {
        "보조견 동반": "동반가능_시각장애인 편의시설"
      }
    ],
    "infantsfamily": "0",
    "hearinghandicap": "0",
    "blindhandicap": "1",
    "handicap": "1"
  },
  "2742225": {
    "addr1": "전라북도 군산시 새만금북로 520",
    "addr2": "(오식도동)",
    "areacode": "37",
    "booktour": "0",
    "cat1": "A02",
    "cat2": "A0202",
    "cat3": "A02020600",
    "contentid": "2742225",
    "contenttypeid": "12",
    "createdtime": "20210909222521",
    "firstimage": "http://tong.visitkorea.or.kr/cms/resource/98/2742598_image2_1.jpg",
    "firstimage2": "http://tong.visitkorea.or.kr/cms/resource/98/2742598_image2_1.jpg",
    "cpyrhtDivCd": "Type3",
    "mapx": "126.5934800075",
    "mapy": "35.9485616899",
    "mlevel": "6",
    "modifiedtime": "20230807143702",
    "sigungucode": "2",
    "tel": "",
    "title": "새만금어린이랜드",
    "zipcode": "54158",
    "family": [],
    "handi": [
      {
        "접근로": "출입구까지 턱이 없어 휠체어 접근 가능함"
      },
      {
        "출입통로": "주출입구는 턱이 없어 휠체어 접근 가능함_무장애 편의시설"
      }
    ],
    "hearing": [],
    "blind": [
      {
        "보조견 동반": "동반가능_시각장애인 편의시설"
      }
    ],
    "infantsfamily": "0",
    "hearinghandicap": "0",
    "blindhandicap": "1",
    "handicap": "1"
  },
  "2783863": {
    "addr1": "전라북도 군산시 새만금북로 27",
    "addr2": "(비응도동)",
    "areacode": "37",
    "booktour": "0",
    "cat1": "A02",
    "cat2": "A0202",
    "cat3": "A02020700",
    "contentid": "2783863",
    "contenttypeid": "12",
    "createdtime": "20211130233142",
    "firstimage": "http://tong.visitkorea.or.kr/cms/resource/67/2798267_image2_1.jpg",
    "firstimage2": "http://tong.visitkorea.or.kr/cms/resource/67/2798267_image2_1.jpg",
    "cpyrhtDivCd": "Type3",
    "mapx": "126.5389933376",
    "mapy": "35.9438890764",
    "mlevel": "6",
    "modifiedtime": "20230621145147",
    "sigungucode": "2",
    "tel": "",
    "title": "새만금 비응공원",
    "zipcode": "54003",
    "family": [],
    "handi": [
      {
        "접근로": "출입구까지 턱이 없어 휠체어 접근 가능함"
      },
      {
        "출입통로": "주출입구는 턱이 없어 휠체어 접근 가능함"
      },
      {
        "화장실": "장애인 화장실 있음"
      }
    ],
    "hearing": [],
    "blind": [
      {
        "점자블록": "점자블록 있음(주요시설 앞)_시각장애인 편의시설"
      },
      {
        "보조견 동반": "동반가능"
      }
    ],
    "infantsfamily": "0",
    "hearinghandicap": "0",
    "blindhandicap": "1",
    "handicap": "1"
  }
}