{
  "129977": {
    "addr1": "전라북도 군산시 대학로 330",
    "addr2": "(나운동)",
    "areacode": "37",
    "booktour": "0",
    "cat1": "A02",
    "cat2": "A0206",
    "cat3": "A02060700",
    "contentid": "129977",
    "contenttypeid": "14",
    "createdtime": "20071106103734",
    "firstimage": "http://tong.visitkorea.or.kr/cms/resource/46/1976146_image2_1.jpg",
    "firstimage2": "http://tong.visitkorea.or.kr/cms/resource/46/1976146_image3_1.jpg",
    "cpyrhtDivCd": "Type3",
    "mapx": "126.6934067562",
    "mapy": "35.9649781853",
    "mlevel": "6",
    "modifiedtime": "20230518092851",
    "sigungucode": "2",
    "tel": "",
    "title": "군산문화원",
    "zipcode": "54129",
    "family": [],
    "handi": [
      {
        "접근로": "출입구까지 경사로가 설치되어 있음"
      },
      {
        "출입통로": "주출입구는 단차가 없어 휠체어 접근 가능함"
      },
      {
        "엘리베이터": "엘리베이터 있음"
      },
      {
        "화장실": "장애인 전용 화장실 있음"
      }
    ],
    "hearing": [],
    "blind": [
      {
        "점자블록": "점자블록 있음(화장실 입구)_시각장애인 편의시설"
      }
    ],
    "infantsfamily": "0",
    "hearinghandicap": "0",
    "blindhandicap": "1",
    "handicap": "1"
  },
  "130332": {
    "addr1": "전라북도 군산시 강변로 449",
    "addr2": "(내흥동)",
    "areacode": "37",
    "booktour": "0",
    "cat1": "A02",
    "cat2": "A0206",
    "cat3": "A02060200",
    "contentid": "130332",
    "contenttypeid": "14",
    "createdtime": "20071106105251",
    "firstimage": "",
    "firstimage2": "",
    "cpyrhtDivCd": "",
    "mapx": "126.7578998571",
    "mapy": "36.0086437477",
    "mlevel": "6",
    "modifiedtime": "20231025114746",
    "sigungucode": "2",
    "tel": "",
    "title": "채만식 문학관",
    "zipcode": "54042",
    "family": [],
    "handi": [
      {
        "접근로": "출입구까지 경사로가 설치되어 있음(수동문)"
      },
      {
        "출입통로": "주출입구는 경사로가 있어 휠체어 접근 가능함"
      },
      {
        "화장실": "장애인 화장실 있음"
      }
    ],
    "hearing": [],
    "blind": [],
    "infantsfamily": "0",
    "hearinghandicap": "0",
    "blindhandicap": "0",
    "handicap": "1"
  },
  "130356": {
    "addr1": "전라북도 군산시 대학로 558",
    "addr2": "(미룡동)",
    "areacode": "37",
    "booktour": "0",
    "cat1": "A02",
    "cat2": "A0206",
    "cat3": "A02060100",
    "contentid": "130356",
    "contenttypeid": "14",
    "createdtime": "20071106105348",
    "firstimage": "http://tong.visitkorea.or.kr/cms/resource/51/1937551_image2_1.jpg",
    "firstimage2": "http://tong.visitkorea.or.kr/cms/resource/51/1937551_image2_1.jpg",
    "cpyrhtDivCd": "Type3",
    "mapx": "126.6820971492",
    "mapy": "35.9459023917",
    "mlevel": "6",
    "modifiedtime": "20221114174556",
    "sigungucode": "2",
    "tel": "",
    "title": "국립군산대학교 박물관",
    "zipcode": "54150",
    "family": [],
    "handi": [
      {
        "접근로": "출입구까지 경사로가 설치되어 있음(수동문)"
      },
      {
        "출입통로": "주출입구는 경사로가 있어 휠체어 접근 가능함"
      },
      {
        "화장실": "장애인 전용 화장실 있음"
      }
    ],
    "hearing": [],
    "blind": [],
    "infantsfamily": "0",
    "hearinghandicap": "0",
    "blindhandicap": "0",
    "handicap": "1"
  },
  "1684836": {
    "addr1": "전라북도 군산시 해망로 240 군산근대역사박물관",
    "addr2": "",
    "areacode": "37",
    "booktour": "0",
    "cat1": "A02",
    "cat2": "A0206",
    "cat3": "A02060100",
    "contentid": "1684836",
    "contenttypeid": "14",
    "createdtime": "20120801224600",
    "firstimage": "http://tong.visitkorea.or.kr/cms/resource/67/2367267_image2_1.jpg",
    "firstimage2": "http://tong.visitkorea.or.kr/cms/resource/67/2367267_image3_1.jpg",
    "cpyrhtDivCd": "Type3",
    "mapx": "126.7119655377",
    "mapy": "35.9908644357",
    "mlevel": "6",
    "modifiedtime": "20231025112101",
    "sigungucode": "2",
    "tel": "",
    "title": "군산근대역사박물관",
    "zipcode": "54021",
    "family": [
      {
        "유모차": "대여 가능(5대/안내데스크)"
      },
      {
        "수유실": "수유실 있음(1층)"
      },
      {
        "영유아가족 기타 지원 항목": "장애인 화장실 내 기저귀 교환대 있음\n수유실 내 2인용 쇼파, 아기 테이블, 아기쇼파, 아기침대, 기저귀 교환대, 전자레인지 있음"
      }
    ],
    "handi": [
      {
        "대중교통": "군산시외버스터미널에서 19번 버스"
      },
      {
        "접근로": "출입구까지 경사로가 설치되어 있음(완만함)_무장애 편의시설"
      },
      {
        "휠체어": "대여 가능(5대/안내데스크)"
      },
      {
        "출입통로": "주 출입구는 턱이 없어 휠체어 접근 가능함(자동문)"
      },
      {
        "엘리베이터": "엘리베이터 있음"
      },
      {
        "화장실": "장애인 화장실 있음(1,3층/자동문 버튼)"
      },
      {
        "기타 지원 항목": "전동보장구 충전기 있음(야외 공중화장실 옆)"
      }
    ],
    "hearing": [],
    "blind": [
      {
        "점자블록": "점자블록 있음(주 출입구,화장실)_시각장애인 편의시설"
      },
      {
        "보조견 동반": "동반 가능"
      },
      {
        "안내요원": "안내요원 있음"
      },
      {
        "오디오 가이드": "음성안내기 있음(안내데스크에서 대여)"
      }
    ],
    "infantsfamily": "1",
    "hearinghandicap": "0",
    "blindhandicap": "1",
    "handicap": "1"
  },
  "2789996": {
    "addr1": "전라북도 군산시 은파순환길 20",
    "addr2": "(나운동)",
    "areacode": "37",
    "booktour": "0",
    "cat1": "A02",
    "cat2": "A0206",
    "cat3": "A02060300",
    "contentid": "2789996",
    "contenttypeid": "14",
    "createdtime": "20211209182439",
    "firstimage": "",
    "firstimage2": "",
    "cpyrhtDivCd": "",
    "mapx": "126.6898129143",
    "mapy": "35.9541071421",
    "mlevel": "6",
    "modifiedtime": "20230329135928",
    "sigungucode": "2",
    "tel": "",
    "title": "본다빈치뮤지엄 군산",
    "zipcode": "54146",
    "family": [],
    "handi": [
      {
        "접근로": "출입구까지 턱이 없어 휠체어 접근 가능함"
      },
      {
        "출입통로": "주출입구는 턱이 없어 휠체어 접근 가능함(수동문)_무장애 편의시설"
      }
    ],
    "hearing": [],
    "blind": [
      {
        "점자블록": "점자블록 있음(주요시설 앞)_시각장애인 편의시설"
      }
    ],
    "infantsfamily": "0",
    "hearinghandicap": "0",
    "blindhandicap": "1",
    "handicap": "1"
  }
}