{
  "685143": {
    "addr1": "전라북도 군산시 부원로 97-9",
    "addr2": "",
    "areacode": "37",
    "booktour": "",
    "cat1": "A05",
    "cat2": "A0502",
    "cat3": "A05020100",
    "contentid": "685143",
    "contenttypeid": "39",
    "createdtime": "20090128194454",
    "firstimage": "http://tong.visitkorea.or.kr/cms/resource/85/1977385_image2_1.jpg",
    "firstimage2": "http://tong.visitkorea.or.kr/cms/resource/85/1977385_image3_1.jpg",
    "cpyrhtDivCd": "Type3",
    "mapx": "126.6817217424",
    "mapy": "35.9629643268",
    "mlevel": "6",
    "modifiedtime": "20220915132641",
    "sigungucode": "2",
    "tel": "063-463-4411",
    "title": "모산방",
    "zipcode": "54165",
    "family": [],
    "handi": [
      {
        "접근로": "출입구까지 턱이 없어 휠체어 접근 가능함"
      },
      {
        "출입통로": "주출입구는 턱이 없어 휠체어 접근 가능함"
      },
      {
        "기타 지원 항목": "의자식 테이블 있음_무장애 편의시설"
      }
    ],
    "hearing": [],
    "blind": [],
    "infantsfamily": "0",
    "hearinghandicap": "0",
    "blindhandicap": "0",
    "handicap": "1"
  },
  "1305903": {
    "addr1": "전라북도 군산시 비응로 71",
    "addr2": "",
    "areacode": "37",
    "booktour": "",
    "cat1": "A05",
    "cat2": "A0502",
    "cat3": "A05020100",
    "contentid": "1305903",
    "contenttypeid": "39",
    "createdtime": "20110614022815",
    "firstimage": "http://tong.visitkorea.or.kr/cms/resource/78/2381178_image2_1.jpg",
    "firstimage2": "http://tong.visitkorea.or.kr/cms/resource/78/2381178_image2_1.jpg",
    "cpyrhtDivCd": "Type3",
    "mapx": "126.5292887307",
    "mapy": "35.9407392716",
    "mlevel": "6",
    "modifiedtime": "20231013153827",
    "sigungucode": "2",
    "tel": "063-446-9500",
    "title": "새만금 등대로",
    "zipcode": "54003",
    "family": [],
    "handi": [
      {
        "엘리베이터": "엘리베이터 있음"
      },
      {
        "화장실": "장애인 전용 화장실 있음"
      },
      {
        "기타 지원 항목": "입식(의자식)테이블 있음"
      }
    ],
    "hearing": [],
    "blind": [
      {
        "점자블록": "점자블록 있음 (화장실 입구)_시각장애인 편의시설"
      }
    ],
    "infantsfamily": "0",
    "hearinghandicap": "0",
    "blindhandicap": "1",
    "handicap": "1"
  },
  "1827859": {
    "addr1": "전라북도 군산시 월명로 382",
    "addr2": "",
    "areacode": "37",
    "booktour": "",
    "cat1": "A05",
    "cat2": "A0502",
    "cat3": "A05020400",
    "contentid": "1827859",
    "contenttypeid": "39",
    "createdtime": "20130713005108",
    "firstimage": "",
    "firstimage2": "",
    "cpyrhtDivCd": "",
    "mapx": "126.7157710807",
    "mapy": "35.9782076126",
    "mlevel": "6",
    "modifiedtime": "20220510163212",
    "sigungucode": "2",
    "tel": "063-445-8412",
    "title": "복성루",
    "zipcode": "54039",
    "family": [
      {
        "영유아가족 기타 지원 항목": "유아식탁 및 유아식기 있음"
      }
    ],
    "handi": [
      {
        "접근로": "출입구까지 턱이 없어 휠체어 접근 가능함"
      },
      {
        "출입통로": "주출입구는 턱이 없어 휠체어 접근 가능함(수동문)"
      },
      {
        "기타 지원 항목": "의자식 테이블 있음_무장애 편의시설"
      }
    ],
    "hearing": [],
    "blind": [],
    "infantsfamily": "1",
    "hearinghandicap": "0",
    "blindhandicap": "0",
    "handicap": "1"
  },
  "1985787": {
    "addr1": "전라북도 군산시 성산면 철새로 31",
    "addr2": "",
    "areacode": "37",
    "booktour": "",
    "cat1": "A05",
    "cat2": "A0502",
    "cat3": "A05020100",
    "contentid": "1985787",
    "contenttypeid": "39",
    "createdtime": "20150124012644",
    "firstimage": "",
    "firstimage2": "",
    "cpyrhtDivCd": "",
    "mapx": "126.7592329118",
    "mapy": "36.0147708480",
    "mlevel": "6",
    "modifiedtime": "20220824130747",
    "sigungucode": "2",
    "tel": "063-453-8828",
    "title": "삼풍식당",
    "zipcode": "54045",
    "family": [],
    "handi": [
      {
        "접근로": "단차와 경사로 있음"
      },
      {
        "출입통로": "주출입구 무단차\n원활한 이동 가능함"
      }
    ],
    "hearing": [],
    "blind": [
      {
        "유도안내설비": "유도, 안내 설비 있음"
      }
    ],
    "infantsfamily": "0",
    "hearinghandicap": "0",
    "blindhandicap": "1",
    "handicap": "1"
  },
  "2010199": {
    "addr1": "전라북도 군산시 중앙로 177",
    "addr2": "",
    "areacode": "37",
    "booktour": "",
    "cat1": "A05",
    "cat2": "A0502",
    "cat3": "A05020900",
    "contentid": "2010199",
    "contenttypeid": "39",
    "createdtime": "20150616192859",
    "firstimage": "http://tong.visitkorea.or.kr/cms/resource/51/1870451_image2_1.jpg",
    "firstimage2": "http://tong.visitkorea.or.kr/cms/resource/51/1870451_image3_1.jpg",
    "cpyrhtDivCd": "Type3",
    "mapx": "126.7111823722",
    "mapy": "35.9870898531",
    "mlevel": "6",
    "modifiedtime": "20230320154714",
    "sigungucode": "2",
    "tel": "063-445-2772",
    "title": "이성당",
    "zipcode": "54022",
    "family": [],
    "handi": [
      {
        "접근로": "출입구까지 턱이 없어 휠체어 접근 가능함"
      },
      {
        "출입통로": "주출입구는 턱이 없어 휠체어 접근 가능함(수동문)"
      },
      {
        "기타 지원 항목": "의자식 테이블 있음_무장애 편의시설"
      }
    ],
    "hearing": [],
    "blind": [],
    "infantsfamily": "0",
    "hearinghandicap": "0",
    "blindhandicap": "0",
    "handicap": "1"
  },
  "2568281": {
    "addr1": "전라북도 군산시 하나운1길 15",
    "addr2": "(나운동)",
    "areacode": "37",
    "booktour": "",
    "cat1": "A05",
    "cat2": "A0502",
    "cat3": "A05020100",
    "contentid": "2568281",
    "contenttypeid": "39",
    "createdtime": "20181121202811",
    "firstimage": "",
    "firstimage2": "",
    "cpyrhtDivCd": "",
    "mapx": "126.6982062510",
    "mapy": "35.9679251522",
    "mlevel": "6",
    "modifiedtime": "20230227151633",
    "sigungucode": "2",
    "tel": "0507-1302-2832",
    "title": "갈비스토리",
    "zipcode": "54131",
    "family": [],
    "handi": [
      {
        "접근로": "출입구까지 턱이 없어 휠체어 접근 가능함"
      },
      {
        "출입통로": "주출입구는 턱이 없어 휠체어 접근 가능함(수동문)"
      },
      {
        "기타 지원 항목": "의자식 테이블 있음_무장애 편의시설"
      }
    ],
    "hearing": [],
    "blind": [],
    "infantsfamily": "0",
    "hearinghandicap": "0",
    "blindhandicap": "0",
    "handicap": "1"
  },
  "2568724": {
    "addr1": "전라북도 군산시 문화안길 11",
    "addr2": "",
    "areacode": "37",
    "booktour": "",
    "cat1": "A05",
    "cat2": "A0502",
    "cat3": "A05020300",
    "contentid": "2568724",
    "contenttypeid": "39",
    "createdtime": "20181122182057",
    "firstimage": "",
    "firstimage2": "",
    "cpyrhtDivCd": "",
    "mapx": "126.7041167601",
    "mapy": "35.9707721508",
    "mlevel": "6",
    "modifiedtime": "20231013160153",
    "sigungucode": "2",
    "tel": "063-466-1197 / 063-466-0521",
    "title": "바다회집 현대코아점",
    "zipcode": "54134",
    "family": [],
    "handi": [
      {
        "접근로": "출입구까지 경사로가 설치되어 있음"
      },
      {
        "출입통로": "주출입구는 경사로가 있어 휠체어 접근 가능함(수동문)"
      },
      {
        "기타 지원 항목": "의자식 테이블 있음_무장애 편의시설"
      }
    ],
    "hearing": [],
    "blind": [],
    "infantsfamily": "0",
    "hearinghandicap": "0",
    "blindhandicap": "0",
    "handicap": "1"
  },
  "2568786": {
    "addr1": "전라북도 군산시 비응안7길 13",
    "addr2": "",
    "areacode": "37",
    "booktour": "",
    "cat1": "A05",
    "cat2": "A0502",
    "cat3": "A05020300",
    "contentid": "2568786",
    "contenttypeid": "39",
    "createdtime": "20181122192356",
    "firstimage": "",
    "firstimage2": "",
    "cpyrhtDivCd": "",
    "mapx": "126.5325107012",
    "mapy": "35.9393283762",
    "mlevel": "6",
    "modifiedtime": "20231101103702",
    "sigungucode": "2",
    "tel": "063-464-1001",
    "title": "새만금횟집",
    "zipcode": "54003",
    "family": [
      {
        "영유아가족 기타 지원 항목": "유아식기 있음"
      }
    ],
    "handi": [
      {
        "접근로": "출입구까지 경사로가 설치되어 있음_무장애 편의시설"
      },
      {
        "출입통로": "주출입구는 경사로가 있어 휠체어 접근 가능함(수동문)"
      },
      {
        "엘리베이터": "엘리베이터 있음"
      },
      {
        "기타 지원 항목": "의자식 테이블 있음(1층)"
      }
    ],
    "hearing": [],
    "blind": [],
    "infantsfamily": "1",
    "hearinghandicap": "0",
    "blindhandicap": "0",
    "handicap": "1"
  },
  "2568939": {
    "addr1": "전라북도 군산시 해망로 224",
    "addr2": "",
    "areacode": "37",
    "booktour": "",
    "cat1": "A05",
    "cat2": "A0502",
    "cat3": "A05020100",
    "contentid": "2568939",
    "contenttypeid": "39",
    "createdtime": "20181122230120",
    "firstimage": "",
    "firstimage2": "",
    "cpyrhtDivCd": "",
    "mapx": "126.7132460082",
    "mapy": "35.9897340310",
    "mlevel": "6",
    "modifiedtime": "20230610083239",
    "sigungucode": "2",
    "tel": "063-442-1207",
    "title": "아리랑",
    "zipcode": "54021",
    "family": [],
    "handi": [
      {
        "접근로": "출입구까지 턱이 없어 휠체어 접근 가능함"
      },
      {
        "출입통로": "주출입구는 턱이 없어 휠체어 접근 가능함(수동문)"
      },
      {
        "기타 지원 항목": "의자식 테이블 있음_무장애 편의시설"
      }
    ],
    "hearing": [],
    "blind": [
      {
        "점자블록": "점자블록 있음(주출입구)_시각장애인 편의시설"
      }
    ],
    "infantsfamily": "0",
    "hearinghandicap": "0",
    "blindhandicap": "1",
    "handicap": "1"
  },
  "2568973": {
    "addr1": "전라북도 군산시 큰샘길 42",
    "addr2": "(죽성동)",
    "areacode": "37",
    "booktour": "",
    "cat1": "A05",
    "cat2": "A0502",
    "cat3": "A05020100",
    "contentid": "2568973",
    "contenttypeid": "39",
    "createdtime": "20181122235942",
    "firstimage": "",
    "firstimage2": "",
    "cpyrhtDivCd": "",
    "mapx": "126.7173263074",
    "mapy": "35.9855429123",
    "mlevel": "",
    "modifiedtime": "20230308132231",
    "sigungucode": "2",
    "tel": "063-445-2644",
    "title": "완주옥",
    "zipcode": "54027",
    "family": [],
    "handi": [
      {
        "접근로": "출입구까지 경사로가 설치되어 있음"
      },
      {
        "출입통로": "주출입구는 경사로가 있어 휠체어 접근 가능함(수동문)"
      },
      {
        "기타 지원 항목": "의자식 테이블 있음_무장애 편의시설"
      }
    ],
    "hearing": [],
    "blind": [],
    "infantsfamily": "0",
    "hearinghandicap": "0",
    "blindhandicap": "0",
    "handicap": "1"
  },
  "2569127": {
    "addr1": "전라북도 군산시 구영3길 63",
    "addr2": "",
    "areacode": "37",
    "booktour": "",
    "cat1": "A05",
    "cat2": "A0502",
    "cat3": "A05020100",
    "contentid": "2569127",
    "contenttypeid": "39",
    "createdtime": "20181123024438",
    "firstimage": "",
    "firstimage2": "",
    "cpyrhtDivCd": "",
    "mapx": "126.7082492925",
    "mapy": "35.9874536503",
    "mlevel": "",
    "modifiedtime": "20221206151059",
    "sigungucode": "2",
    "tel": "063-446-5491",
    "title": "한일옥",
    "zipcode": "54022",
    "family": [
      {
        "영유아가족 기타 지원 항목": "유아식기 및 식탁 있음"
      }
    ],
    "handi": [
      {
        "접근로": "출입구까지 경사로가 설치되어 있음"
      },
      {
        "출입통로": "주출입구는 경사로가 있어 휠체어 접근 가능함(수동문)"
      },
      {
        "기타 지원 항목": "의자식 테이블 있음_무장애 편의시설"
      }
    ],
    "hearing": [],
    "blind": [],
    "infantsfamily": "1",
    "hearinghandicap": "0",
    "blindhandicap": "0",
    "handicap": "1"
  },
  "2778087": {
    "addr1": "전라북도 군산시 검다메1길 30",
    "addr2": "(조촌동)",
    "areacode": "37",
    "booktour": "",
    "cat1": "A05",
    "cat2": "A0502",
    "cat3": "A05020900",
    "contentid": "2778087",
    "contenttypeid": "39",
    "createdtime": "20211123195250",
    "firstimage": "http://tong.visitkorea.or.kr/cms/resource/19/2794419_image2_1.JPG",
    "firstimage2": "http://tong.visitkorea.or.kr/cms/resource/19/2794419_image2_1.JPG",
    "cpyrhtDivCd": "Type3",
    "mapx": "126.7394220119",
    "mapy": "35.9678314230",
    "mlevel": "6",
    "modifiedtime": "20230227092654",
    "sigungucode": "2",
    "tel": "",
    "title": "MCL",
    "zipcode": "54079",
    "family": [
      {
        "유아용 보조 의자": "구비"
      }
    ],
    "handi": [
      {
        "접근로": "출입구까지 턱이 없어 휠체어 접근 가능함"
      },
      {
        "출입통로": "주출입구는 턱이 없어 휠체어 접근 가능함(수동문)"
      },
      {
        "기타 지원 항목": "의자식 테이블 있음_무장애 편의시설"
      }
    ],
    "hearing": [],
    "blind": [],
    "infantsfamily": "1",
    "hearinghandicap": "0",
    "blindhandicap": "0",
    "handicap": "1"
  },
  "2778090": {
    "addr1": "전라북도 군산시 구영7길 23",
    "addr2": "(월명동)",
    "areacode": "37",
    "booktour": "",
    "cat1": "A05",
    "cat2": "A0502",
    "cat3": "A05020900",
    "contentid": "2778090",
    "contenttypeid": "39",
    "createdtime": "20211123195528",
    "firstimage": "http://tong.visitkorea.or.kr/cms/resource/03/2794403_image2_1.JPG",
    "firstimage2": "http://tong.visitkorea.or.kr/cms/resource/03/2794403_image2_1.JPG",
    "cpyrhtDivCd": "Type3",
    "mapx": "126.7090576136",
    "mapy": "35.9851317068",
    "mlevel": "6",
    "modifiedtime": "20230330101249",
    "sigungucode": "2",
    "tel": "",
    "title": "물밀소",
    "zipcode": "54022",
    "family": [],
    "handi": [
      {
        "접근로": "출입구까지 경사로가 설치되어 있음"
      },
      {
        "출입통로": "주출입구는 턱이 없어 휠체어 접근 가능함(자동문)"
      },
      {
        "기타 지원 항목": "의자식 테이블 있음_무장애 편의시설"
      }
    ],
    "hearing": [],
    "blind": [],
    "infantsfamily": "0",
    "hearinghandicap": "0",
    "blindhandicap": "0",
    "handicap": "1"
  },
  "2778895": {
    "addr1": "전라북도 군산시 서수송1길 18-3",
    "addr2": "(나운동)",
    "areacode": "37",
    "booktour": "",
    "cat1": "A05",
    "cat2": "A0502",
    "cat3": "A05020900",
    "contentid": "2778895",
    "contenttypeid": "39",
    "createdtime": "20211124233814",
    "firstimage": "http://tong.visitkorea.or.kr/cms/resource/80/2794380_image2_1.JPG",
    "firstimage2": "http://tong.visitkorea.or.kr/cms/resource/80/2794380_image2_1.JPG",
    "cpyrhtDivCd": "Type3",
    "mapx": "126.7086054030",
    "mapy": "35.9647562472",
    "mlevel": "6",
    "modifiedtime": "20230330100339",
    "sigungucode": "2",
    "tel": "",
    "title": "아우어인어스",
    "zipcode": "54137",
    "family": [],
    "handi": [
      {
        "접근로": "출입구까지 턱이 없어 휠체어 접근 가능함"
      },
      {
        "출입통로": "주출입구는 턱이 없어 휠체어 접근 가능함(수동문)"
      },
      {
        "기타 지원 항목": "의자식 테이블 있음_무장애 편의시설"
      }
    ],
    "hearing": [],
    "blind": [],
    "infantsfamily": "0",
    "hearinghandicap": "0",
    "blindhandicap": "0",
    "handicap": "1"
  },
  "2905089": {
    "addr1": "전라북도 군산시 번영로 158-20 우민회관",
    "addr2": "",
    "areacode": "37",
    "booktour": "",
    "cat1": "A05",
    "cat2": "A0502",
    "cat3": "A05020100",
    "contentid": "2905089",
    "contenttypeid": "39",
    "createdtime": "20221110160919",
    "firstimage": "http://tong.visitkorea.or.kr/cms/resource/82/2905082_image2_1.jpg",
    "firstimage2": "http://tong.visitkorea.or.kr/cms/resource/82/2905082_image3_1.jpg",
    "cpyrhtDivCd": "Type3",
    "mapx": "126.7360585190",
    "mapy": "35.9641678951",
    "mlevel": "6",
    "modifiedtime": "20230202173944",
    "sigungucode": "2",
    "tel": "",
    "title": "우민회관",
    "zipcode": "54095",
    "family": [],
    "handi": [
      {
        "접근로": "출입구까지 경사로가 설치되어 있음"
      },
      {
        "출입통로": "주출입구는 경사로가 있어 휠체어 접근 가능함(수동문)"
      },
      {
        "기타 지원 항목": "의자식 테이블 있음_무장애 편의시설"
      }
    ],
    "hearing": [],
    "blind": [],
    "infantsfamily": "0",
    "hearinghandicap": "0",
    "blindhandicap": "0",
    "handicap": "1"
  },
  "2923482": {
    "addr1": "전라북도 군산시 축동안길 40",
    "addr2": "",
    "areacode": "37",
    "booktour": "",
    "cat1": "A05",
    "cat2": "A0502",
    "cat3": "A05020900",
    "contentid": "2923482",
    "contenttypeid": "39",
    "createdtime": "20221128133548",
    "firstimage": "http://tong.visitkorea.or.kr/cms/resource/69/2923469_image2_1.jpg",
    "firstimage2": "http://tong.visitkorea.or.kr/cms/resource/69/2923469_image3_1.jpg",
    "cpyrhtDivCd": "Type3",
    "mapx": "126.7143826005",
    "mapy": "35.9672088442",
    "mlevel": "6",
    "modifiedtime": "20230103180010",
    "sigungucode": "2",
    "tel": "",
    "title": "홍윤베이커리",
    "zipcode": "54089",
    "family": [],
    "handi": [
      {
        "접근로": "출입구까지 턱이 없어 휠체어 접근 가능함"
      },
      {
        "출입통로": "주출입구는 턱이 없어 휠체어 접근 가능함(수동문)"
      },
      {
        "기타 지원 항목": "의자식 테이블 있음_무장애 편의시설"
      }
    ],
    "hearing": [],
    "blind": [],
    "infantsfamily": "0",
    "hearinghandicap": "0",
    "blindhandicap": "0",
    "handicap": "1"
  },
  "2923530": {
    "addr1": "전라북도 군산시 미장안7길 18",
    "addr2": "",
    "areacode": "37",
    "booktour": "",
    "cat1": "A05",
    "cat2": "A0502",
    "cat3": "A05020100",
    "contentid": "2923530",
    "contenttypeid": "39",
    "createdtime": "20221128134631",
    "firstimage": "http://tong.visitkorea.or.kr/cms/resource/16/2923516_image2_1.jpg",
    "firstimage2": "http://tong.visitkorea.or.kr/cms/resource/16/2923516_image3_1.jpg",
    "cpyrhtDivCd": "Type3",
    "mapx": "126.7306839804",
    "mapy": "35.9648816105",
    "mlevel": "6",
    "modifiedtime": "20230308130323",
    "sigungucode": "2",
    "tel": "",
    "title": "한우진대가",
    "zipcode": "54094",
    "family": [],
    "handi": [
      {
        "접근로": "출입구까지 턱이 없어 휠체어 접근 가능함"
      },
      {
        "출입통로": "주출입구는 턱이 없어 휠체어 접근 가능함(자동문)"
      },
      {
        "기타 지원 항목": "의자식 테이블 있음_무장애 편의시설"
      }
    ],
    "hearing": [],
    "blind": [
      {
        "점자블록": "점자블록 있음(주출입구)_시각장애인 편의시설"
      }
    ],
    "infantsfamily": "0",
    "hearinghandicap": "0",
    "blindhandicap": "1",
    "handicap": "1"
  },
  "2923648": {
    "addr1": "전라북도 군산시 수송로 324",
    "addr2": "1층",
    "areacode": "37",
    "booktour": "",
    "cat1": "A05",
    "cat2": "A0502",
    "cat3": "A05020200",
    "contentid": "2923648",
    "contenttypeid": "39",
    "createdtime": "20221128140906",
    "firstimage": "http://tong.visitkorea.or.kr/cms/resource/38/2923638_image2_1.jpg",
    "firstimage2": "http://tong.visitkorea.or.kr/cms/resource/38/2923638_image3_1.jpg",
    "cpyrhtDivCd": "Type3",
    "mapx": "126.7312061809",
    "mapy": "35.9639289503",
    "mlevel": "6",
    "modifiedtime": "20230103175406",
    "sigungucode": "2",
    "tel": "",
    "title": "코지하우스 군산점",
    "zipcode": "54096",
    "family": [
      {
        "유아용 보조 의자": "구비"
      }
    ],
    "handi": [
      {
        "접근로": "출입구까지 턱이 없어 휠체어 접근 가능함"
      },
      {
        "출입통로": "주출입구는 턱이 없어 휠체어 접근 가능함(수동문)"
      },
      {
        "기타 지원 항목": "의자식 테이블 있음_무장애 편의시설"
      }
    ],
    "hearing": [],
    "blind": [
      {
        "점자블록": "점자블록 있음(주출입구)_시각장애인 편의시설"
      }
    ],
    "infantsfamily": "1",
    "hearinghandicap": "0",
    "blindhandicap": "1",
    "handicap": "1"
  },
  "2923690": {
    "addr1": "전라북도 군산시 한밭로 76-12 산타로사",
    "addr2": "",
    "areacode": "37",
    "booktour": "",
    "cat1": "A05",
    "cat2": "A0502",
    "cat3": "A05020900",
    "contentid": "2923690",
    "contenttypeid": "39",
    "createdtime": "20221128141908",
    "firstimage": "http://tong.visitkorea.or.kr/cms/resource/78/2923678_image2_1.jpg",
    "firstimage2": "http://tong.visitkorea.or.kr/cms/resource/78/2923678_image3_1.jpg",
    "cpyrhtDivCd": "Type3",
    "mapx": "126.6984593141",
    "mapy": "35.9560070727",
    "mlevel": "6",
    "modifiedtime": "20230308112438",
    "sigungucode": "2",
    "tel": "",
    "title": "카페산타로사",
    "zipcode": "54146",
    "family": [],
    "handi": [
      {
        "접근로": "출입구까지 경사로가 설치되어 있음"
      },
      {
        "출입통로": "주출입구는 턱이 없어 휠체어 접근 가능함(수동문)"
      },
      {
        "기타 지원 항목": "의자식 테이블 있음_무장애 편의시설"
      }
    ],
    "hearing": [],
    "blind": [],
    "infantsfamily": "0",
    "hearinghandicap": "0",
    "blindhandicap": "0",
    "handicap": "1"
  },
  "2923734": {
    "addr1": "전라북도 군산시 경포천로 110",
    "addr2": "",
    "areacode": "37",
    "booktour": "",
    "cat1": "A05",
    "cat2": "A0502",
    "cat3": "A05020900",
    "contentid": "2923734",
    "contenttypeid": "39",
    "createdtime": "20221128142937",
    "firstimage": "http://tong.visitkorea.or.kr/cms/resource/19/2923719_image2_1.jpg",
    "firstimage2": "http://tong.visitkorea.or.kr/cms/resource/19/2923719_image3_1.jpg",
    "cpyrhtDivCd": "Type3",
    "mapx": "126.7249010642",
    "mapy": "35.9687477375",
    "mlevel": "6",
    "modifiedtime": "20230316090944",
    "sigungucode": "2",
    "tel": "",
    "title": "어라이브",
    "zipcode": "54086",
    "family": [],
    "handi": [
      {
        "접근로": "출입구까지 턱이 없어 휠체어 접근 가능함"
      },
      {
        "출입통로": "주출입구는 턱이 없어 휠체어 접근 가능함(수동문)"
      },
      {
        "기타 지원 항목": "의자식 테이블 있음_무장애 편의시설"
      }
    ],
    "hearing": [],
    "blind": [],
    "infantsfamily": "0",
    "hearinghandicap": "0",
    "blindhandicap": "0",
    "handicap": "1"
  },
  "2924673": {
    "addr1": "전라북도 군산시 미장안9길 7",
    "addr2": "",
    "areacode": "37",
    "booktour": "",
    "cat1": "A05",
    "cat2": "A0502",
    "cat3": "A05020400",
    "contentid": "2924673",
    "contenttypeid": "39",
    "createdtime": "20221129160153",
    "firstimage": "http://tong.visitkorea.or.kr/cms/resource/65/2924665_image2_1.jpg",
    "firstimage2": "http://tong.visitkorea.or.kr/cms/resource/65/2924665_image3_1.jpg",
    "cpyrhtDivCd": "Type3",
    "mapx": "126.7332143017",
    "mapy": "35.9652093942",
    "mlevel": "6",
    "modifiedtime": "20230308111135",
    "sigungucode": "2",
    "tel": "",
    "title": "란향",
    "zipcode": "54094",
    "family": [],
    "handi": [
      {
        "접근로": "출입구까지 턱이 없어 휠체어 접근 가능함"
      },
      {
        "출입통로": "주출입구는 턱이 없어 휠체어 접근 가능함(수동문/자동문)"
      },
      {
        "기타 지원 항목": "의자식 테이블 있음_무장애 편의시설"
      }
    ],
    "hearing": [],
    "blind": [],
    "infantsfamily": "0",
    "hearinghandicap": "0",
    "blindhandicap": "0",
    "handicap": "1"
  },
  "2924690": {
    "addr1": "전라북도 군산시 수송안3길 3-9",
    "addr2": "",
    "areacode": "37",
    "booktour": "",
    "cat1": "A05",
    "cat2": "A0502",
    "cat3": "A05020100",
    "contentid": "2924690",
    "contenttypeid": "39",
    "createdtime": "20221129160715",
    "firstimage": "http://tong.visitkorea.or.kr/cms/resource/84/2924684_image2_1.jpg",
    "firstimage2": "http://tong.visitkorea.or.kr/cms/resource/84/2924684_image3_1.jpg",
    "cpyrhtDivCd": "Type3",
    "mapx": "126.7176157733",
    "mapy": "35.9622427993",
    "mlevel": "6",
    "modifiedtime": "20230308110859",
    "sigungucode": "2",
    "tel": "",
    "title": "동백상사",
    "zipcode": "54100",
    "family": [],
    "handi": [
      {
        "접근로": "출입구까지 턱이 없어 휠체어 접근 가능함"
      },
      {
        "출입통로": "주출입구는 턱이 없어 휠체어 접근 가능함(수동문)"
      },
      {
        "기타 지원 항목": "의자식 테이블 있음_무장애 편의시설"
      }
    ],
    "hearing": [],
    "blind": [],
    "infantsfamily": "0",
    "hearinghandicap": "0",
    "blindhandicap": "0",
    "handicap": "1"
  },
  "2924864": {
    "addr1": "전라북도 군산시 미장안9길 14",
    "addr2": "",
    "areacode": "37",
    "booktour": "",
    "cat1": "A05",
    "cat2": "A0502",
    "cat3": "A05020300",
    "contentid": "2924864",
    "contenttypeid": "39",
    "createdtime": "20221129171429",
    "firstimage": "http://tong.visitkorea.or.kr/cms/resource/49/2924849_image2_1.jpg",
    "firstimage2": "http://tong.visitkorea.or.kr/cms/resource/49/2924849_image3_1.jpg",
    "cpyrhtDivCd": "Type3",
    "mapx": "126.7333920505",
    "mapy": "35.9657148950",
    "mlevel": "6",
    "modifiedtime": "20230308110949",
    "sigungucode": "2",
    "tel": "",
    "title": "솜초밥",
    "zipcode": "54094",
    "family": [],
    "handi": [
      {
        "접근로": "출입구까지 턱이 없어 휠체어 접근 가능함"
      },
      {
        "출입통로": "주출입구는 턱이 없어 휠체어 접근 가능함(수동문)"
      },
      {
        "기타 지원 항목": "의자식 테이블 있음_무장애 편의시설"
      }
    ],
    "hearing": [],
    "blind": [
      {
        "점자블록": "점자블록 있음(주출입구)_시각장애인 편의시설"
      }
    ],
    "infantsfamily": "0",
    "hearinghandicap": "0",
    "blindhandicap": "1",
    "handicap": "1"
  },
  "2925372": {
    "addr1": "전라북도 군산시 수송남로 2",
    "addr2": "",
    "areacode": "37",
    "booktour": "",
    "cat1": "A05",
    "cat2": "A0502",
    "cat3": "A05020100",
    "contentid": "2925372",
    "contenttypeid": "39",
    "createdtime": "20221130112802",
    "firstimage": "http://tong.visitkorea.or.kr/cms/resource/61/2925361_image2_1.jpg",
    "firstimage2": "http://tong.visitkorea.or.kr/cms/resource/61/2925361_image3_1.jpg",
    "cpyrhtDivCd": "Type3",
    "mapx": "126.7145855529",
    "mapy": "35.9597485879",
    "mlevel": "6",
    "modifiedtime": "20230308010311",
    "sigungucode": "2",
    "tel": "",
    "title": "돔베초밥",
    "zipcode": "54101",
    "family": [],
    "handi": [
      {
        "접근로": "출입구까지 턱이 없어 휠체어 접근 가능함"
      },
      {
        "출입통로": "주출입구는 턱이 없어 휠체어 접근 가능함(수동문/자동문)"
      },
      {
        "기타 지원 항목": "의자식 테이블 있음_무장애 편의시설"
      }
    ],
    "hearing": [],
    "blind": [],
    "infantsfamily": "0",
    "hearinghandicap": "0",
    "blindhandicap": "0",
    "handicap": "1"
  },
  "2929407": {
    "addr1": "전라북도 군산시 서만자2길 6",
    "addr2": "",
    "areacode": "37",
    "booktour": "",
    "cat1": "A05",
    "cat2": "A0502",
    "cat3": "A05020200",
    "contentid": "2929407",
    "contenttypeid": "39",
    "createdtime": "20221205114304",
    "firstimage": "http://tong.visitkorea.or.kr/cms/resource/98/2929398_image2_1.jpg",
    "firstimage2": "http://tong.visitkorea.or.kr/cms/resource/98/2929398_image3_1.jpg",
    "cpyrhtDivCd": "Type3",
    "mapx": "126.8064500203",
    "mapy": "35.9421327260",
    "mlevel": "6",
    "modifiedtime": "20230308000815",
    "sigungucode": "2",
    "tel": "",
    "title": "리즈리",
    "zipcode": "54061",
    "family": [],
    "handi": [
      {
        "접근로": "출입구까지 턱이 없어 휠체어 접근 가능함"
      },
      {
        "출입통로": "주출입구는 턱이 없어 휠체어 접근 가능함(수동문)"
      },
      {
        "기타 지원 항목": "의자식 테이블 있음_무장애 편의시설"
      }
    ],
    "hearing": [],
    "blind": [],
    "infantsfamily": "0",
    "hearinghandicap": "0",
    "blindhandicap": "0",
    "handicap": "1"
  },
  "2929595": {
    "addr1": "전라북도 군산시 수송안길 7",
    "addr2": "",
    "areacode": "37",
    "booktour": "",
    "cat1": "A05",
    "cat2": "A0502",
    "cat3": "A05020300",
    "contentid": "2929595",
    "contenttypeid": "39",
    "createdtime": "20221205131927",
    "firstimage": "http://tong.visitkorea.or.kr/cms/resource/53/2929553_image2_1.jpg",
    "firstimage2": "http://tong.visitkorea.or.kr/cms/resource/53/2929553_image3_1.jpg",
    "cpyrhtDivCd": "Type3",
    "mapx": "126.7167242430",
    "mapy": "35.9600485902",
    "mlevel": "6",
    "modifiedtime": "20230103170451",
    "sigungucode": "2",
    "tel": "",
    "title": "서울소바",
    "zipcode": "54100",
    "family": [],
    "handi": [
      {
        "접근로": "출입구까지 턱이 없어 휠체어 접근 가능함"
      },
      {
        "출입통로": "주출입구는 턱이 없어 휠체어 접근 가능함(수동문)"
      },
      {
        "기타 지원 항목": "의자식 테이블 있음_무장애 편의시설"
      }
    ],
    "hearing": [],
    "blind": [],
    "infantsfamily": "0",
    "hearinghandicap": "0",
    "blindhandicap": "0",
    "handicap": "1"
  },
  "2929854": {
    "addr1": "전라북도 군산시 대학로 144-1 영국빵집",
    "addr2": "",
    "areacode": "37",
    "booktour": "",
    "cat1": "A05",
    "cat2": "A0502",
    "cat3": "A05020900",
    "contentid": "2929854",
    "contenttypeid": "39",
    "createdtime": "20221205133943",
    "firstimage": "http://tong.visitkorea.or.kr/cms/resource/39/2929839_image2_1.jpg",
    "firstimage2": "http://tong.visitkorea.or.kr/cms/resource/39/2929839_image3_1.jpg",
    "cpyrhtDivCd": "Type3",
    "mapx": "126.7049359279",
    "mapy": "35.9786240459",
    "mlevel": "6",
    "modifiedtime": "20230103163443",
    "sigungucode": "2",
    "tel": "",
    "title": "영국빵집",
    "zipcode": "54113",
    "family": [],
    "handi": [
      {
        "접근로": "출입구까지 턱이 없어 휠체어 접근 가능함"
      },
      {
        "출입통로": "주출입구는 턱이 없어 휠체어 접근 가능함(자동문)"
      },
      {
        "기타 지원 항목": "의자식 테이블 있음_무장애 편의시설"
      }
    ],
    "hearing": [],
    "blind": [],
    "infantsfamily": "0",
    "hearinghandicap": "0",
    "blindhandicap": "0",
    "handicap": "1"
  }
}