{
  "129727": {
    "addr1": "전라남도 여수시 좌수영로 69",
    "addr2": "(광무동)",
    "areacode": "38",
    "booktour": "0",
    "cat1": "A02",
    "cat2": "A0206",
    "cat3": "A02060600",
    "contentid": "129727",
    "contenttypeid": "14",
    "createdtime": "20071106102713",
    "firstimage": "",
    "firstimage2": "",
    "cpyrhtDivCd": "",
    "mapx": "127.7279020442",
    "mapy": "34.7468392816",
    "mlevel": "6",
    "modifiedtime": "20230915174415",
    "sigungucode": "13",
    "tel": "",
    "title": "여수시민회관",
    "zipcode": "59718",
    "family": [],
    "handi": [
      {
        "접근로": "출입구까지 경사로가 설치되어 있음"
      },
      {
        "출입통로": "주출입구는 경사로가 있어 휠체어 접근 가능함"
      },
      {
        "화장실": "장애인 화장실 있음"
      },
      {
        "관람석": "장애인 전용 관람석 있음"
      }
    ],
    "hearing": [],
    "blind": [],
    "infantsfamily": "0",
    "hearinghandicap": "0",
    "blindhandicap": "0",
    "handicap": "1"
  },
  "129984": {
    "addr1": "전라남도 여수시 이순신광장로 200-7",
    "addr2": "(종화동)",
    "areacode": "38",
    "booktour": "0",
    "cat1": "A02",
    "cat2": "A0206",
    "cat3": "A02060700",
    "contentid": "129984",
    "contenttypeid": "14",
    "createdtime": "20071106103747",
    "firstimage": "http://tong.visitkorea.or.kr/cms/resource/12/1971112_image2_1.jpg",
    "firstimage2": "http://tong.visitkorea.or.kr/cms/resource/12/1971112_image3_1.jpg",
    "cpyrhtDivCd": "Type3",
    "mapx": "127.7456895756",
    "mapy": "34.7390626825",
    "mlevel": "6",
    "modifiedtime": "20231010111715",
    "sigungucode": "13",
    "tel": "",
    "title": "여수시문화원",
    "zipcode": "59746",
    "family": [],
    "handi": [
      {
        "접근로": "출입구까지 경사로가 설치되어 있음_무장애 편의시설"
      },
      {
        "출입통로": "주출입구는 경사로가 있어 휠체어 접근 가능함"
      },
      {
        "엘리베이터": "엘리베이터 있음"
      },
      {
        "화장실": "장애인 전용 화장실 있음"
      }
    ],
    "hearing": [],
    "blind": [
      {
        "점자블록": "점자블록 있음(주출입구)_시각장애인 편의시설"
      }
    ],
    "infantsfamily": "0",
    "hearinghandicap": "0",
    "blindhandicap": "1",
    "handicap": "1"
  },
  "130148": {
    "addr1": "전라남도 여수시 돌산읍 돌산로 2876",
    "addr2": "",
    "areacode": "38",
    "booktour": "0",
    "cat1": "A02",
    "cat2": "A0206",
    "cat3": "A02060300",
    "contentid": "130148",
    "contenttypeid": "14",
    "createdtime": "20050721090000",
    "firstimage": "",
    "firstimage2": "",
    "cpyrhtDivCd": "",
    "mapx": "127.7759328201",
    "mapy": "34.6822334564",
    "mlevel": "6",
    "modifiedtime": "20230926103924",
    "sigungucode": "13",
    "tel": "",
    "title": "전라남도해양수산과학관",
    "zipcode": "59771",
    "family": [],
    "handi": [
      {
        "휠체어": "대여가능"
      },
      {
        "출입통로": "단차없음"
      },
      {
        "엘리베이터": "엘리베이터 있음"
      },
      {
        "화장실": "장애인 화장실 있음"
      }
    ],
    "hearing": [],
    "blind": [],
    "infantsfamily": "0",
    "hearinghandicap": "0",
    "blindhandicap": "0",
    "handicap": "1"
  },
  "229909": {
    "addr1": "전라남도 여수시 돌산읍 향일암로 365",
    "addr2": "",
    "areacode": "38",
    "booktour": "0",
    "cat1": "A02",
    "cat2": "A0206",
    "cat3": "A02060300",
    "contentid": "229909",
    "contenttypeid": "14",
    "createdtime": "20060124090000",
    "firstimage": "",
    "firstimage2": "",
    "cpyrhtDivCd": "",
    "mapx": "127.7867004926",
    "mapy": "34.6054644495",
    "mlevel": "6",
    "modifiedtime": "20230915170643",
    "sigungucode": "13",
    "tel": "",
    "title": "북한 반잠수정 전시관",
    "zipcode": "59778",
    "family": [],
    "handi": [
      {
        "접근로": "출입구까지 턱이 없어 휠체어 접근 가능함(수동문)_무장애 편의시설"
      },
      {
        "출입통로": "주출입구는 턱이 없어 휠체어 접근 가능함"
      }
    ],
    "hearing": [],
    "blind": [],
    "infantsfamily": "0",
    "hearinghandicap": "0",
    "blindhandicap": "0",
    "handicap": "1"
  },
  "2037230": {
    "addr1": "전라남도 여수시 오동도로 61-11",
    "addr2": "(수정동)",
    "areacode": "38",
    "booktour": "0",
    "cat1": "A02",
    "cat2": "A0202",
    "cat3": "A02020600",
    "contentid": "2037230",
    "contenttypeid": "14",
    "createdtime": "20151029230054",
    "firstimage": "http://tong.visitkorea.or.kr/cms/resource/40/2367340_image2_1.jpg",
    "firstimage2": "http://tong.visitkorea.or.kr/cms/resource/40/2367340_image3_1.jpg",
    "cpyrhtDivCd": "Type3",
    "mapx": "127.7487335703",
    "mapy": "34.7462619289",
    "mlevel": "6",
    "modifiedtime": "20230302141322",
    "sigungucode": "13",
    "tel": "",
    "title": "아쿠아플라넷 여수",
    "zipcode": "59744",
    "family": [
      {
        "유모차": "대여가능(2층 안내데스크)"
      },
      {
        "수유실": "수유실 있음(2층)"
      }
    ],
    "handi": [
      {
        "접근로": "출입구까지 턱이 없어 휠체어 접근 가능함"
      },
      {
        "휠체어": "대여가능 (2층 안내데스크)"
      },
      {
        "출입통로": "주출입구는 턱이 없어 휠체어 접근 가능함"
      },
      {
        "엘리베이터": "엘리베이터 이용가능"
      },
      {
        "화장실": "장애인 화장실 있음"
      }
    ],
    "hearing": [],
    "blind": [
      {
        "점자블록": "점자블록 있음(주출입구)_시각장애인 편의시설"
      },
      {
        "안내요원": "안내요원 있음"
      }
    ],
    "infantsfamily": "1",
    "hearinghandicap": "0",
    "blindhandicap": "1",
    "handicap": "1"
  },
  "2650054": {
    "addr1": "전라남도 여수시 예울마루로 100",
    "addr2": "",
    "areacode": "38",
    "booktour": "0",
    "cat1": "A02",
    "cat2": "A0206",
    "cat3": "A02060300",
    "contentid": "2650054",
    "contenttypeid": "14",
    "createdtime": "20200317230534",
    "firstimage": "http://tong.visitkorea.or.kr/cms/resource/48/2650048_image2_1.jpg",
    "firstimage2": "http://tong.visitkorea.or.kr/cms/resource/48/2650048_image2_1.jpg",
    "cpyrhtDivCd": "Type3",
    "mapx": "127.6654490751",
    "mapy": "34.7507238766",
    "mlevel": "6",
    "modifiedtime": "20230412143359",
    "sigungucode": "13",
    "tel": "",
    "title": "GS칼텍스 예울마루",
    "zipcode": "59691",
    "family": [
      {
        "영유아가족 기타 지원 항목": "귀저귀 교환대(건물 3, 4, 7층 화장실)"
      }
    ],
    "handi": [
      {
        "접근로": "출입구까지 경사로가 설치되어 있음"
      },
      {
        "출입통로": "주출입구는 경사로가 있어 휠체어 접근 가능함(수동문)"
      },
      {
        "엘리베이터": "엘리베이터 있음"
      },
      {
        "화장실": "장애인 화장실 있음(3층, 4층, 7층)"
      },
      {
        "관람석": "장애인 전용 관람석 있음(대극장 12석, 소극장 4석)"
      }
    ],
    "hearing": [],
    "blind": [
      {
        "점자블록": "점자블록 있음(주요시설 앞)_시각장애인 편의시설"
      },
      {
        "안내요원": "안내요원 있음"
      }
    ],
    "infantsfamily": "1",
    "hearinghandicap": "0",
    "blindhandicap": "1",
    "handicap": "1"
  },
  "2736360": {
    "addr1": "전라남도 여수시 박람회길 1",
    "addr2": "(덕충동)",
    "areacode": "38",
    "booktour": "0",
    "cat1": "A02",
    "cat2": "A0206",
    "cat3": "A02060500",
    "contentid": "2736360",
    "contenttypeid": "14",
    "createdtime": "20210825021623",
    "firstimage": "http://tong.visitkorea.or.kr/cms/resource/53/2736353_image2_1.jpg",
    "firstimage2": "http://tong.visitkorea.or.kr/cms/resource/53/2736353_image2_1.jpg",
    "cpyrhtDivCd": "Type3",
    "mapx": "127.7465197232",
    "mapy": "34.7522251119",
    "mlevel": "6",
    "modifiedtime": "20230919181716",
    "sigungucode": "13",
    "tel": "",
    "title": "아르떼뮤지엄 여수",
    "zipcode": "59723",
    "family": [
      {
        "유모차": "대여가능(2대/매표소)"
      },
      {
        "수유실": "수유실 있음"
      }
    ],
    "handi": [
      {
        "접근로": "출입구까지 턱이 없어 휠체어 접근 가능함"
      },
      {
        "휠체어": "대여가능(2대/매표소)"
      },
      {
        "출입통로": "주출입구는 턱이 없어 휠체어 접근 가능함"
      },
      {
        "엘리베이터": "엘리베이터 있음"
      },
      {
        "화장실": "장애인 화장실 있음"
      },
      {
        "관람석": "장애인 전용 관람석은 없으나 휠체어 접근 가능한 공간 있음"
      }
    ],
    "hearing": [],
    "blind": [
      {
        "보조견 동반": "동반가능"
      },
      {
        "안내요원": "안내요원 있음_시각장애인 편의시설"
      }
    ],
    "infantsfamily": "1",
    "hearinghandicap": "0",
    "blindhandicap": "1",
    "handicap": "1"
  },
  "2778041": {
    "addr1": "전라남도 여수시 묘도7길 110",
    "addr2": "(묘도동)",
    "areacode": "38",
    "booktour": "0",
    "cat1": "A02",
    "cat2": "A0206",
    "cat3": "A02060300",
    "contentid": "2778041",
    "contenttypeid": "14",
    "createdtime": "20211123193554",
    "firstimage": "http://tong.visitkorea.or.kr/cms/resource/28/2796028_image2_1.jpg",
    "firstimage2": "http://tong.visitkorea.or.kr/cms/resource/28/2796028_image2_1.jpg",
    "cpyrhtDivCd": "Type3",
    "mapx": "127.7049476438",
    "mapy": "34.8892729160",
    "mlevel": "6",
    "modifiedtime": "20230330101328",
    "sigungucode": "13",
    "tel": "",
    "title": "이순신대교홍보관",
    "zipcode": "59617",
    "family": [],
    "handi": [
      {
        "접근로": "출입구까지 경사로가 설치되어 있음"
      },
      {
        "출입통로": "주출입구는 경사로가 있어 휠체어 접근 가능함(자동문)"
      },
      {
        "엘리베이터": "엘리베이터 있음"
      }
    ],
    "hearing": [],
    "blind": [
      {
        "점자블록": "점자블록 있음(주요시설 앞)_시각장애인 편의시설"
      }
    ],
    "infantsfamily": "0",
    "hearinghandicap": "0",
    "blindhandicap": "1",
    "handicap": "1"
  },
  "2806218": {
    "addr1": "전라남도 여수시  만성로 (294)",
    "addr2": "",
    "areacode": "38",
    "booktour": "",
    "cat1": "A02",
    "cat2": "A0206",
    "cat3": "A02060500",
    "contentid": "2806218",
    "contenttypeid": "14",
    "createdtime": "20220207173422",
    "firstimage": "http://tong.visitkorea.or.kr/cms/resource/42/2806242_image2_1.JPG",
    "firstimage2": "http://tong.visitkorea.or.kr/cms/resource/42/2806242_image2_1.JPG",
    "cpyrhtDivCd": "Type1",
    "mapx": "127.7258515174",
    "mapy": "34.7745889154",
    "mlevel": "6",
    "modifiedtime": "20230330175048",
    "sigungucode": "13",
    "tel": "",
    "title": "여수 녹테마레",
    "zipcode": "59623",
    "family": [],
    "handi": [
      {
        "접근로": "출입구까지 턱이 없어 휠체어 접근 가능함"
      },
      {
        "출입통로": "주출입구는 턱이 없어 휠체어 접근 가능함(자동문)"
      },
      {
        "엘리베이터": "엘리베이터 있음"
      }
    ],
    "hearing": [],
    "blind": [
      {
        "점자블록": "점자블록 있음(주요시설 앞)_시각장애인 편의시설"
      },
      {
        "안내요원": "안내요원 있음"
      }
    ],
    "infantsfamily": "0",
    "hearinghandicap": "0",
    "blindhandicap": "1",
    "handicap": "1"
  }
}